id,url_actual,slug_actual,titulo_actual,clasificacion,extracto_desfasado,bloques_totales,textos_de_bloque_distintos,palabras_aprox,caracteres_texto,enlace_comercial_externo,fecha_modificacion_publica,diagnostico,decision,slug_propuesto_en_manifest_historico,sha256_html_renderizado
1000,https://metransfers.es/por-que-elegir-traslados-para-la-operacion-salida-como-evitar-el-caos-en-el-prat-durante-el-inicio-de-vacaciones-3966/,por-que-elegir-traslados-para-la-operacion-salida-como-evitar-el-caos-en-el-prat-durante-el-inicio-de-vacaciones-3966,"Traslado Privado de Barcelona a Madrid | Transfer VIP con MeTransfers","Desajuste claro",No,43,10,1600,10391,https://transfersinbarcelona.com/es,2026-03-11T09:00:00,"La URL promete un tema o destino diferente al que desarrollan el título y el cuerpo actuales. Hay bloques de texto idénticos repetidos dentro del artículo.","Elegir entre conservar el artículo actual y migrar su URL, o recuperar el tema original y publicar el nuevo artículo en otra entrada.",traslado-privado-de-barcelona-a-madrid,52899d3547d408734c5bf152906c9b64ad03592656260abd5b5fe9b8ea979fad
1001,https://metransfers.es/la-mejor-opcion-de-escapadas-de-un-dia-ruta-por-los-pueblos-blancos-de-la-costa-brava-en-transporte-privado-3753/,la-mejor-opcion-de-escapadas-de-un-dia-ruta-por-los-pueblos-blancos-de-la-costa-brava-en-transporte-privado-3753,"Traslado Barcelona a Valencia en Coche Privado | MeTransfers","Desajuste claro",No,35,35,654,4384,,2026-08-12T12:29:56,"La URL promete un tema o destino diferente al que desarrollan el título y el cuerpo actuales.","Elegir entre conservar el artículo actual y migrar su URL, o recuperar el tema original y publicar el nuevo artículo en otra entrada.",traslado-barcelona-a-valencia-en-coche-privado,8b9bc44353d88b093b08d19ef993f4eaa1dd63ebdb6d6cc7768241b5f8c0cabb
1002,https://metransfers.es/por-que-elegir-equipaje-sin-limites-por-que-la-mercedes-clase-v-es-la-mejor-opcion-para-familias-en-semana-santa-5756/,por-que-elegir-equipaje-sin-limites-por-que-la-mercedes-clase-v-es-la-mejor-opcion-para-familias-en-semana-santa-5756,"Transfer Privado Barcelona a Sevilla | Viaje Cómodo con Conductor","Desajuste claro",No,9,9,311,2005,https://transfersinbarcelona.com/es,2026-03-13T09:00:00,"La URL promete un tema o destino diferente al que desarrollan el título y el cuerpo actuales.","Elegir entre conservar el artículo actual y migrar su URL, o recuperar el tema original y publicar el nuevo artículo en otra entrada.",transfer-privado-barcelona-a-sevilla,2130b24d8a3890433d0f8a272a79d48678f7393612777aefaaf2fd415fc09f31
1003,https://metransfers.es/la-mejor-opcion-de-tranquilidad-en-el-puerto-traslados-directos-para-cruceros-que-salen-de-barcelona-este-marzo-2926/,la-mejor-opcion-de-tranquilidad-en-el-puerto-traslados-directos-para-cruceros-que-salen-de-barcelona-este-marzo-2926,"Traslado Barcelona a Málaga con Conductor Privado | MeTransfers VIP","Desajuste claro",No,12,12,456,3011,https://transfersinbarcelona.com/es,2026-03-14T09:00:00,"La URL promete un tema o destino diferente al que desarrollan el título y el cuerpo actuales.","Elegir entre conservar el artículo actual y migrar su URL, o recuperar el tema original y publicar el nuevo artículo en otra entrada.",traslado-barcelona-a-malaga-con-conductor-privado,f129464c9355d49b102fe6f42c56361ff616a2687380fb07ff2c6ce42ff5dd79
1004,https://metransfers.es/la-mejor-opcion-de-andorra-en-primavera-ultimos-dias-de-nieve-y-traslados-comodos-desde-el-aeropuerto-2319/,la-mejor-opcion-de-andorra-en-primavera-ultimos-dias-de-nieve-y-traslados-comodos-desde-el-aeropuerto-2319,"Transfer Barcelona a Zaragoza | Traslado Privado Rápido y Cómodo","Desajuste claro",No,16,16,560,3629,https://transfersinbarcelona.com/es,2026-03-15T09:00:00,"La URL promete un tema o destino diferente al que desarrollan el título y el cuerpo actuales.","Elegir entre conservar el artículo actual y migrar su URL, o recuperar el tema original y publicar el nuevo artículo en otra entrada.",transfer-barcelona-a-zaragoza,5021567c604a63d1431ee5f8bfe99ef7edf86d8bae249afa61fab432f9809a68
1005,https://metransfers.es/descubre-dia-del-padre-regala-una-experiencia-de-tour-privado-por-los-vinedos-del-penedes-7476/,descubre-dia-del-padre-regala-una-experiencia-de-tour-privado-por-los-vinedos-del-penedes-7476,"Traslado Privado Barcelona a Bilbao | Transfer País Vasco con MeTransfers","Desajuste claro",No,10,10,353,2217,https://transfersinbarcelona.com/es,2026-03-16T09:00:00,"La URL promete un tema o destino diferente al que desarrollan el título y el cuerpo actuales.","Elegir entre conservar el artículo actual y migrar su URL, o recuperar el tema original y publicar el nuevo artículo en otra entrada.",traslado-privado-barcelona-a-bilbao,431d30d4aa5f575759e8143a6c8e144af70696e6d54ab99fddbbaa3357d93512
1006,https://metransfers.es/descubre-turismo-religioso-traslados-a-montserrat-para-las-celebraciones-de-semana-santa-2318/,descubre-turismo-religioso-traslados-a-montserrat-para-las-celebraciones-de-semana-santa-2318,"Transfer Privado Barcelona a San Sebastián | Donostia con Conductor","Desajuste claro",No,12,12,475,3107,https://transfersinbarcelona.com/es,2026-03-17T09:00:00,"La URL promete un tema o destino diferente al que desarrollan el título y el cuerpo actuales.","Elegir entre conservar el artículo actual y migrar su URL, o recuperar el tema original y publicar el nuevo artículo en otra entrada.",transfer-privado-barcelona-a-san-sebastian,d04550e0c8c3884ec02b7791bba92ec5f75b3e060d876c514e480e8f4256a578
1007,https://metransfers.es/la-mejor-opcion-de-barcelona-gourmet-traslados-a-los-restaurantes-mas-exclusivos-para-cenas-de-primavera-8956/,la-mejor-opcion-de-barcelona-gourmet-traslados-a-los-restaurantes-mas-exclusivos-para-cenas-de-primavera-8956,"Traslado Barcelona a Granada | Transporte Privado a la Alhambra","Desajuste claro",No,9,9,384,2497,https://transfersinbarcelona.com/es,2026-03-18T09:00:00,"La URL promete un tema o destino diferente al que desarrollan el título y el cuerpo actuales.","Elegir entre conservar el artículo actual y migrar su URL, o recuperar el tema original y publicar el nuevo artículo en otra entrada.",traslado-barcelona-a-granada,f8b69edeaac220db50f6ce695f68ee3782d3f5eea582fddd591b006688237df2
1008,https://metransfers.es/guia-completa-logistica-de-maletas-servicio-de-custodia-y-traslado-de-equipaje-para-escalas-largas-en-el-prat-3561/,guia-completa-logistica-de-maletas-servicio-de-custodia-y-traslado-de-equipaje-para-escalas-largas-en-el-prat-3561,"Transfer Barcelona a Pamplona | Traslado Privado a los Sanfermines","Desajuste claro",No,13,13,420,2782,https://transfersinbarcelona.com/es,2026-03-19T09:00:00,"La URL promete un tema o destino diferente al que desarrollan el título y el cuerpo actuales.","Elegir entre conservar el artículo actual y migrar su URL, o recuperar el tema original y publicar el nuevo artículo en otra entrada.",transfer-barcelona-a-pamplona,92aead9918d96aa1edb9834ae767c18a548799d6d0d43f683570e6fca5d39d9f
1009,https://metransfers.es/la-mejor-opcion-de-seguridad-infantil-sillas-homologadas-y-confort-en-todos-nuestros-traslados-familiares-6210/,la-mejor-opcion-de-seguridad-infantil-sillas-homologadas-y-confort-en-todos-nuestros-traslados-familiares-6210,"Traslado Privado Barcelona a Alicante | Transfer Costa Blanca","Desajuste claro",No,10,10,383,2513,https://transfersinbarcelona.com/es,2026-03-20T09:00:00,"La URL promete un tema o destino diferente al que desarrollan el título y el cuerpo actuales.","Elegir entre conservar el artículo actual y migrar su URL, o recuperar el tema original y publicar el nuevo artículo en otra entrada.",traslado-privado-barcelona-a-alicante,9a1047f0752d38a0aadf583bc468774e8939a0e6cc6f9139b9dfd41d5b31799b
1010,https://metransfers.es/guia-completa-puntualidad-en-festivos-como-garantizamos-tu-recogida-incluso-en-dias-de-alta-demanda-8168/,guia-completa-puntualidad-en-festivos-como-garantizamos-tu-recogida-incluso-en-dias-de-alta-demanda-8168,"Traslado Barcelona a Tarragona | Transfer Privado a las Ruinas Romanas","Desajuste claro",No,11,11,447,2901,https://transfersinbarcelona.com/es,2026-03-21T09:00:00,"La URL promete un tema o destino diferente al que desarrollan el título y el cuerpo actuales.","Elegir entre conservar el artículo actual y migrar su URL, o recuperar el tema original y publicar el nuevo artículo en otra entrada.",traslado-barcelona-a-tarragona,f9db3988a34c49b5bc95f41913d11564a669782580f9dc2e1f0144644cba7588
1011,https://metransfers.es/guia-completa-tour-de-gaudi-aprovecha-el-sol-de-marzo-para-visitar-la-sagrada-familia-sin-prisas-7721/,guia-completa-tour-de-gaudi-aprovecha-el-sol-de-marzo-para-visitar-la-sagrada-familia-sin-prisas-7721,"Transfer Privado Barcelona a Girona | Traslado al Aeropuerto y Ciudad","Desajuste claro",No,15,15,532,3453,https://transfersinbarcelona.com/es,2026-03-22T09:00:00,"La URL promete un tema o destino diferente al que desarrollan el título y el cuerpo actuales.","Elegir entre conservar el artículo actual y migrar su URL, o recuperar el tema original y publicar el nuevo artículo en otra entrada.",transfer-privado-barcelona-a-girona,274f5a9884bac09a1f71100423099245084f8e65975c334a7370ea9ce5c8b7d7
1012,https://metransfers.es/guia-completa-traslados-a-sitges-disfruta-del-paseo-maritimo-con-un-chofer-a-tu-disposicion-4640/,guia-completa-traslados-a-sitges-disfruta-del-paseo-maritimo-con-un-chofer-a-tu-disposicion-4640,"Traslado Privado Barcelona a Sitges | Transfer Costa Garraf Premium","Coherente por tema",No,143,12,5460,35352,https://transfersinbarcelona.com/es,2026-03-23T09:00:00,"La URL describe el mismo tema del título y el cuerpo; no exige copiar literalmente el título. Hay bloques de texto idénticos repetidos dentro del artículo.","Conservar la URL por este motivo.",,32b54f941790d652e143e72d57a394215064eb0471dc320a313f82dc2110e53a
1013,https://metransfers.es/guia-completa-conexiones-interurbanas-traslados-de-barcelona-a-girona-rapidez-y-confort-4977/,guia-completa-conexiones-interurbanas-traslados-de-barcelona-a-girona-rapidez-y-confort-4977,"Transfer Barcelona a PortAventura | Traslado Privado al Parque","Desajuste claro",No,77,9,3155,20527,https://transfersinbarcelona.com/es,2026-03-24T09:00:00,"La URL promete un tema o destino diferente al que desarrollan el título y el cuerpo actuales. Hay bloques de texto idénticos repetidos dentro del artículo.","Elegir entre conservar el artículo actual y migrar su URL, o recuperar el tema original y publicar el nuevo artículo en otra entrada.",transfer-barcelona-a-portaventura,1afe4505c9ba954b9efc5d0c2ef697571ed5bd4179fb3cbed81e17276d9a4261
1014,https://metransfers.es/por-que-elegir-dia-mundial-del-teatro-traslados-a-los-mejores-espectaculos-del-paral-lel-8639/,por-que-elegir-dia-mundial-del-teatro-traslados-a-los-mejores-espectaculos-del-paral-lel-8639,"Traslado Barcelona a Montserrat | Transfer Privado a la Montaña Sagrada","Desajuste claro",No,76,11,2469,15827,https://transfersinbarcelona.com/es,2026-03-25T09:00:00,"La URL promete un tema o destino diferente al que desarrollan el título y el cuerpo actuales. Hay bloques de texto idénticos repetidos dentro del artículo.","Elegir entre conservar el artículo actual y migrar su URL, o recuperar el tema original y publicar el nuevo artículo en otra entrada.",traslado-barcelona-a-montserrat,ac59133e8fea6b9602e43a8b492659ef0ca28c1451f661c9d4e16684bc7c9cd3
1015,https://metransfers.es/guia-completa-cambio-de-hora-como-ajustamos-nuestros-sistemas-para-que-tu-chofer-siempre-este-a-tiempo-1305/,guia-completa-cambio-de-hora-como-ajustamos-nuestros-sistemas-para-que-tu-chofer-siempre-este-a-tiempo-1305,"Transfer Privado Barcelona a Costa Dorada | Traslado a las Mejores Playas","Desajuste claro",No,11,11,313,1995,https://transfersinbarcelona.com/es,2026-03-26T09:00:00,"La URL promete un tema o destino diferente al que desarrollan el título y el cuerpo actuales.","Elegir entre conservar el artículo actual y migrar su URL, o recuperar el tema original y publicar el nuevo artículo en otra entrada.",transfer-privado-barcelona-a-costa-dorada,89f57641eea0ecb074e6fda83c1b0435ce95e403eff6cfddf4d48e9868e20a4f
1016,https://metransfers.es/guia-completa-primavera-de-negocios-la-importancia-de-un-chofer-privado-para-ejecutivos-en-abril-6512/,guia-completa-primavera-de-negocios-la-importancia-de-un-chofer-privado-para-ejecutivos-en-abril-6512,"Traslado Barcelona a Costa Brava | Transfer Privado a las Calas del Mediterráneo","Desajuste claro",No,13,13,432,2801,https://transfersinbarcelona.com/es,2026-03-27T09:00:00,"La URL promete un tema o destino diferente al que desarrollan el título y el cuerpo actuales.","Elegir entre conservar el artículo actual y migrar su URL, o recuperar el tema original y publicar el nuevo artículo en otra entrada.",traslado-barcelona-a-costa-brava,e68dfefabadc242c3e1359316e14ce3f93628ad2b863919fcfc4ff34bb30ce51
1017,https://metransfers.es/guia-completa-traslados-al-mwc-post-analisis-lecciones-de-movilidad-aprendidas-para-el-proximo-ano-3634/,guia-completa-traslados-al-mwc-post-analisis-lecciones-de-movilidad-aprendidas-para-el-proximo-ano-3634,"Transfer Privado Barcelona a Andorra | Traslado Puerta a Puerta al Principado","Desajuste claro",No,55,11,1808,11679,https://transfersinbarcelona.com/es,2026-03-28T09:00:00,"La URL promete un tema o destino diferente al que desarrollan el título y el cuerpo actuales. Hay bloques de texto idénticos repetidos dentro del artículo.","Elegir entre conservar el artículo actual y migrar su URL, o recuperar el tema original y publicar el nuevo artículo en otra entrada.",transfer-privado-barcelona-a-andorra,e9ff71345aba27f4c482ac429935e7f5be53780483159b94148da012b2835d9e
1018,https://metransfers.es/guia-completa-barcelona-open-banc-sabadell-traslados-exclusivos-al-real-club-de-tenis-barcelona-9443/,guia-completa-barcelona-open-banc-sabadell-traslados-exclusivos-al-real-club-de-tenis-barcelona-9443,"Traslado Barcelona a Lloret de Mar | Transfer Privado Costa Brava","Desajuste claro",No,11,11,516,3141,https://transfersinbarcelona.com/es,2026-03-29T09:00:00,"La URL promete un tema o destino diferente al que desarrollan el título y el cuerpo actuales.","Elegir entre conservar el artículo actual y migrar su URL, o recuperar el tema original y publicar el nuevo artículo en otra entrada.",traslado-barcelona-a-lloret-de-mar,8b5871ce3cbb9384b982aabe3e8b14abb292aeb6c86d8ea00d107a9d1712ab9c
1019,https://metransfers.es/guia-completa-logistica-para-congresos-como-coordinamos-flotas-para-eventos-medicos-en-la-fira-9648/,guia-completa-logistica-para-congresos-como-coordinamos-flotas-para-eventos-medicos-en-la-fira-9648,"Transfer Barcelona a Cadaqués | Traslado Privado al Pueblo de Dalí","Desajuste claro",No,76,12,2815,17679,https://transfersinbarcelona.com/es,2026-03-30T09:00:00,"La URL promete un tema o destino diferente al que desarrollan el título y el cuerpo actuales. Hay bloques de texto idénticos repetidos dentro del artículo.","Elegir entre conservar el artículo actual y migrar su URL, o recuperar el tema original y publicar el nuevo artículo en otra entrada.",transfer-barcelona-a-cadaques,371697824e31c4cfc71b7d544abf1bae2402ae3e4261891c146c0e1b6e481b89
1020,https://metransfers.es/la-mejor-opcion-de-dia-mundial-de-la-salud-traslados-medicos-privados-con-total-discrecion-4870/,la-mejor-opcion-de-dia-mundial-de-la-salud-traslados-medicos-privados-con-total-discrecion-4870,"Traslado Privado Barcelona a Figueres | Transfer al Museo Dalí","Desajuste claro",No,69,11,2620,17181,https://transfersinbarcelona.com/es,2026-03-31T09:00:00,"La URL promete un tema o destino diferente al que desarrollan el título y el cuerpo actuales. Hay bloques de texto idénticos repetidos dentro del artículo.","Elegir entre conservar el artículo actual y migrar su URL, o recuperar el tema original y publicar el nuevo artículo en otra entrada.",traslado-privado-barcelona-a-figueres,14d781a6ba919c35f5d4ea215877cd7ca2d779ed5cfcdeb648a7099127a207b6
1021,https://metransfers.es/guia-completa-shopping-tour-visita-a-la-roca-village-con-chofer-privado-y-espacio-para-todas-tus-compras-1963/,guia-completa-shopping-tour-visita-a-la-roca-village-con-chofer-privado-y-espacio-para-todas-tus-compras-1963,"Transfer Barcelona a Reus | Traslado Privado al Aeropuerto de Reus","Desajuste claro",No,50,10,1346,8810,https://transfersinbarcelona.com/es,2026-04-01T09:00:00,"La URL promete un tema o destino diferente al que desarrollan el título y el cuerpo actuales. Hay bloques de texto idénticos repetidos dentro del artículo.","Elegir entre conservar el artículo actual y migrar su URL, o recuperar el tema original y publicar el nuevo artículo en otra entrada.",transfer-barcelona-a-reus,7dce6d26398ebd1233953215e53ddd33357545f5dc55e0f10b4376191da877cb
1022,https://metransfers.es/la-mejor-opcion-de-ruta-del-romanico-descubre-el-vall-de-boi-con-un-traslado-de-larga-distancia-8497/,la-mejor-opcion-de-ruta-del-romanico-descubre-el-vall-de-boi-con-un-traslado-de-larga-distancia-8497,"Traslado Privado Barcelona a Lleida | Transfer Capital del Segriá","Desajuste claro",No,14,14,384,2547,https://transfersinbarcelona.com/es,2026-04-02T09:00:00,"La URL promete un tema o destino diferente al que desarrollan el título y el cuerpo actuales.","Elegir entre conservar el artículo actual y migrar su URL, o recuperar el tema original y publicar el nuevo artículo en otra entrada.",traslado-privado-barcelona-a-lleida,5e28d1b41fa8146daa0099778b52e58a0679d7fe502263ba96f895de95255ab7
1023,https://metransfers.es/la-mejor-opcion-de-barcelona-desde-el-aire-traslados-combinados-con-tours-en-helicoptero-3169/,la-mejor-opcion-de-barcelona-desde-el-aire-traslados-combinados-con-tours-en-helicoptero-3169,"Transfer Privado Barcelona a Blanes | Traslado a la Puerta de la Costa Brava","Desajuste claro",No,10,10,375,2423,https://transfersinbarcelona.com/es,2026-04-03T09:00:00,"La URL promete un tema o destino diferente al que desarrollan el título y el cuerpo actuales.","Elegir entre conservar el artículo actual y migrar su URL, o recuperar el tema original y publicar el nuevo artículo en otra entrada.",transfer-privado-barcelona-a-blanes,ada72a6e5460cd1a0dcbb86d3f2975a83acaa692cffc33ad893bf7a60a746c85
1024,https://metransfers.es/por-que-elegir-atencion-24-7-por-que-nuestro-soporte-humano-marca-la-diferencia-frente-a-las-apps-4655/,por-que-elegir-atencion-24-7-por-que-nuestro-soporte-humano-marca-la-diferencia-frente-a-las-apps-4655,"Traslado Barcelona a Tossa de Mar | Transfer Privado a la Villa Amurallada","Desajuste claro",No,35,35,663,4329,,2026-08-12T12:29:10,"La URL promete un tema o destino diferente al que desarrollan el título y el cuerpo actuales.","Elegir entre conservar el artículo actual y migrar su URL, o recuperar el tema original y publicar el nuevo artículo en otra entrada.",traslado-barcelona-a-tossa-de-mar,f4f1ddb3246d27d0bd38d832f04b204b01fe4844c057227d02aa930c89c69386
1025,https://metransfers.es/guia-completa-viajes-con-mascotas-traslados-pet-friendly-en-barcelona-viaja-con-tu-mejor-amigo-7127/,guia-completa-viajes-con-mascotas-traslados-pet-friendly-en-barcelona-viaja-con-tu-mejor-amigo-7127,"Transfer Barcelona a Perpiñán | Traslado Privado a Francia por La Jonquera","Desajuste claro",No,12,12,418,2758,https://transfersinbarcelona.com/es,2026-04-05T09:00:00,"La URL promete un tema o destino diferente al que desarrollan el título y el cuerpo actuales.","Elegir entre conservar el artículo actual y migrar su URL, o recuperar el tema original y publicar el nuevo artículo en otra entrada.",transfer-barcelona-a-perpinan,9f1026976d32404931dbe592753dc6e6de109d7415ea40ffa972e1c9e5844769
1026,https://metransfers.es/descubre-traslados-a-la-costa-daurada-preparate-para-el-sol-de-abril-en-salou-y-cambrils-9672/,descubre-traslados-a-la-costa-daurada-preparate-para-el-sol-de-abril-en-salou-y-cambrils-9672,"Traslado Privado Barcelona a Montpellier | Transfer al Sur de Francia","Desajuste claro",No,14,14,679,4440,https://transfersinbarcelona.com/es,2026-04-06T09:00:00,"La URL promete un tema o destino diferente al que desarrollan el título y el cuerpo actuales.","Elegir entre conservar el artículo actual y migrar su URL, o recuperar el tema original y publicar el nuevo artículo en otra entrada.",traslado-privado-barcelona-a-montpellier,13b89b2d1f189dcdef1edae1570eb942f23ad5c61cef8b1dd5f65aaf76144cef
1027,https://metransfers.es/guia-completa-dia-de-las-americas-conectando-a-viajeros-internacionales-con-el-centro-de-barcelona-3798/,guia-completa-dia-de-las-americas-conectando-a-viajeros-internacionales-con-el-centro-de-barcelona-3798,"Transfer Privado Barcelona a Niza | Traslado a la Costa Azul","Desajuste claro",No,9,9,524,3418,https://transfersinbarcelona.com/es,2026-04-07T09:00:00,"La URL promete un tema o destino diferente al que desarrollan el título y el cuerpo actuales.","Elegir entre conservar el artículo actual y migrar su URL, o recuperar el tema original y publicar el nuevo artículo en otra entrada.",transfer-privado-barcelona-a-niza,83f0774d56a13368fe8fa2bdf55369694e06de09c0f6b6c39e321aa0a8d584c9
1028,https://metransfers.es/todo-lo-que-debes-saber-sobre-turismo-sostenible-nuestra-flota-hibrida-y-el-compromiso-con-el-medio-ambiente-8123/,todo-lo-que-debes-saber-sobre-turismo-sostenible-nuestra-flota-hibrida-y-el-compromiso-con-el-medio-ambiente-8123,"Traslado Privado Barcelona a Marsella | Transfer a la Ciudad Fócida","Desajuste claro",No,10,10,509,3356,https://transfersinbarcelona.com/es,2026-04-08T09:00:00,"La URL promete un tema o destino diferente al que desarrollan el título y el cuerpo actuales.","Elegir entre conservar el artículo actual y migrar su URL, o recuperar el tema original y publicar el nuevo artículo en otra entrada.",traslado-privado-barcelona-a-marsella,a486e7fee6770accff940e628d18ee0499a8ae5f262e429c01bb1511c7d10c93
1029,https://metransfers.es/por-que-elegir-barcelona-de-noche-seguridad-y-estilo-para-tus-regresos-de-madrugada-7703/,por-que-elegir-barcelona-de-noche-seguridad-y-estilo-para-tus-regresos-de-madrugada-7703,"Transfer Barcelona a Lyon | Traslado Privado a la Capital Gastronómica de Francia","Desajuste claro",No,35,35,654,4328,,2026-08-12T12:28:31,"La URL promete un tema o destino diferente al que desarrollan el título y el cuerpo actuales.","Elegir entre conservar el artículo actual y migrar su URL, o recuperar el tema original y publicar el nuevo artículo en otra entrada.",transfer-barcelona-a-lyon,f6f0f857cf45563d364a301e5068736081e70d56e58fd83f3770b6a912f8e634
1030,https://metransfers.es/todo-lo-que-debes-saber-sobre-traslados-vip-al-circuito-de-catalunya-preparate-para-la-velocidad-con-metransfers-2702/,todo-lo-que-debes-saber-sobre-traslados-vip-al-circuito-de-catalunya-preparate-para-la-velocidad-con-metransfers-2702,"Traslado Privado Barcelona a Lisboa | Transfer Puerta a Puerta Portugal","Desajuste claro",No,13,13,591,3821,https://transfersinbarcelona.com/es,2026-04-10T09:00:00,"La URL promete un tema o destino diferente al que desarrollan el título y el cuerpo actuales.","Elegir entre conservar el artículo actual y migrar su URL, o recuperar el tema original y publicar el nuevo artículo en otra entrada.",traslado-privado-barcelona-a-lisboa,8dac9d71b4cb371e8893923ef273d650ea4e409dddee557277897172d67a79eb
1031,https://metransfers.es/descubre-visita-a-tarragona-historia-romana-a-solo-un-traslado-de-distancia-7775/,descubre-visita-a-tarragona-historia-romana-a-solo-un-traslado-de-distancia-7775,"Transfer Privado Barcelona a Oporto | Traslado al Corazón de Portugal","Desajuste claro",No,10,10,466,2967,https://transfersinbarcelona.com/es,2026-04-11T09:00:00,"La URL promete un tema o destino diferente al que desarrollan el título y el cuerpo actuales.","Elegir entre conservar el artículo actual y migrar su URL, o recuperar el tema original y publicar el nuevo artículo en otra entrada.",transfer-privado-barcelona-a-oporto,3285cfaa80b22ed5c042b7230433280d9903dfe68f2f6a63c6e515cda87fccd8
1032,https://metransfers.es/la-mejor-opcion-de-eficiencia-en-el-aeropuerto-el-punto-de-encuentro-exacto-para-evitar-esperas-1705/,la-mejor-opcion-de-eficiencia-en-el-aeropuerto-el-punto-de-encuentro-exacto-para-evitar-esperas-1705,"Traslado Barcelona a Mónaco | Transfer Privado al Principado del Lujo","Desajuste claro",No,12,12,579,3829,https://transfersinbarcelona.com/es,2026-04-12T09:00:00,"La URL promete un tema o destino diferente al que desarrollan el título y el cuerpo actuales.","Elegir entre conservar el artículo actual y migrar su URL, o recuperar el tema original y publicar el nuevo artículo en otra entrada.",traslado-barcelona-a-monaco,ee44f32bd4fd592331160204ce9c4b6124314bc20b5c1f2a6fb951edd5dd4210
1033,https://metransfers.es/guia-completa-viajes-de-lujo-que-esperar-de-nuestra-categoria-premium-en-traslados-largos-9022/,guia-completa-viajes-de-lujo-que-esperar-de-nuestra-categoria-premium-en-traslados-largos-9022,"Transfer Privado Barcelona a Milán | Traslado Internacional a Italia","Desajuste claro",No,9,9,374,2395,https://transfersinbarcelona.com/es,2026-04-13T09:00:00,"La URL promete un tema o destino diferente al que desarrollan el título y el cuerpo actuales.","Elegir entre conservar el artículo actual y migrar su URL, o recuperar el tema original y publicar el nuevo artículo en otra entrada.",transfer-privado-barcelona-a-milan,6e9f0081eead7f81a0799f1c92a58724d0d8777db3ab494c4562c36d4035933f
1034,https://metransfers.es/guia-completa-dia-de-la-tierra-optimizando-rutas-para-reducir-emisiones-en-la-ciudad-4054/,guia-completa-dia-de-la-tierra-optimizando-rutas-para-reducir-emisiones-en-la-ciudad-4054,"Traslado Privado Barcelona a Ginebra | Transfer a Suiza con Conductor","Desajuste claro",No,9,9,325,2124,https://transfersinbarcelona.com/es,2026-04-14T09:00:00,"La URL promete un tema o destino diferente al que desarrollan el título y el cuerpo actuales.","Elegir entre conservar el artículo actual y migrar su URL, o recuperar el tema original y publicar el nuevo artículo en otra entrada.",traslado-privado-barcelona-a-ginebra,34273c13bd8130a2361533efdf43aaaf7dbd1dc3801e16515131c348cff90457
1035,https://metransfers.es/guia-completa-especial-sant-jordi-traslados-romanticos-por-una-barcelona-llena-de-rosas-y-libros-6588/,guia-completa-especial-sant-jordi-traslados-romanticos-por-una-barcelona-llena-de-rosas-y-libros-6588,"Transfer Privado Barcelona a Toulouse | Traslado a la Ciudad Rosa","Desajuste claro",No,16,16,624,4077,https://transfersinbarcelona.com/es,2026-04-15T09:00:00,"La URL promete un tema o destino diferente al que desarrollan el título y el cuerpo actuales.","Elegir entre conservar el artículo actual y migrar su URL, o recuperar el tema original y publicar el nuevo artículo en otra entrada.",transfer-privado-barcelona-a-toulouse,a1f9d1f25125b818f634bb778e3705787cde2559c9b2d75dcbaf6cd3a8a60b8b
1036,https://metransfers.es/guia-completa-logistica-de-libros-como-ayudamos-a-editoriales-con-traslados-rapidos-durante-sant-jordi-5693/,guia-completa-logistica-de-libros-como-ayudamos-a-editoriales-con-traslados-rapidos-durante-sant-jordi-5693,"Traslado Privado Barcelona a Burdeos | Transfer al Corazón del Vino Francés","Desajuste claro",No,11,11,386,2543,https://transfersinbarcelona.com/es,2026-04-16T09:00:00,"La URL promete un tema o destino diferente al que desarrollan el título y el cuerpo actuales.","Elegir entre conservar el artículo actual y migrar su URL, o recuperar el tema original y publicar el nuevo artículo en otra entrada.",traslado-privado-barcelona-a-burdeos,14cc541a4a74fbce5e255e7cbcab4591cd9e05338c1d2abc53101b73ad4fa74c
1037,https://metransfers.es/guia-completa-escapada-a-figueres-tras-el-rastro-de-dali-en-un-tour-privado-de-un-dia-4572/,guia-completa-escapada-a-figueres-tras-el-rastro-de-dali-en-un-tour-privado-de-un-dia-4572,"Transfer Privado Barcelona a Múnich | Traslado Internacional a Baviera","Desajuste claro",No,65,12,2148,14265,https://transfersinbarcelona.com/es,2026-04-17T09:00:00,"La URL promete un tema o destino diferente al que desarrollan el título y el cuerpo actuales. Hay bloques de texto idénticos repetidos dentro del artículo.","Elegir entre conservar el artículo actual y migrar su URL, o recuperar el tema original y publicar el nuevo artículo en otra entrada.",transfer-privado-barcelona-a-munich,85e3ad134b8442f0656d056924246a00d47413b526a3c7e1636bed309a35d159
1038,https://metransfers.es/descubre-conductor-por-horas-la-libertad-de-cambiar-de-planes-sin-preocuparte-por-el-parking-9588/,descubre-conductor-por-horas-la-libertad-de-cambiar-de-planes-sin-preocuparte-por-el-parking-9588,"Traslado Privado Aeropuerto El Prat a Barcelona | Transfer Premium","Desajuste claro",No,35,35,674,4488,,2026-08-12T12:27:39,"La URL promete un tema o destino diferente al que desarrollan el título y el cuerpo actuales. El título/introducción describen llegada aeropuerto → Barcelona, pero un H2 invierte el sentido y otro dice «Qué visitar en Aeropuerto El Prat»: plantilla editorial mal adaptada.","Elegir entre conservar el artículo actual y migrar su URL, o recuperar el tema original y publicar el nuevo artículo en otra entrada.",traslado-privado-aeropuerto-el-prat-a-barcelona,4065564baf6f10b81328a28d810ee9c8570b47dc660574c8f01fbd6930a83e71
1039,https://metransfers.es/por-que-elegir-traslados-a-montserrat-consejos-para-evitar-las-multitudes-en-primavera-7237/,por-que-elegir-traslados-a-montserrat-consejos-para-evitar-las-multitudes-en-primavera-7237,"Transfer Privado Puerto de Cruceros Barcelona | Traslado VIP desde el Muelle","Desajuste claro",No,144,13,4996,31687,https://transfersinbarcelona.com/es,2026-04-19T09:00:00,"La URL promete un tema o destino diferente al que desarrollan el título y el cuerpo actuales. Hay bloques de texto idénticos repetidos dentro del artículo.","Elegir entre conservar el artículo actual y migrar su URL, o recuperar el tema original y publicar el nuevo artículo en otra entrada.",transfer-privado-puerto-de-cruceros-barcelona,ccfacc68347f554ef95acf29fa46a7afb32408233c76a15e791178f1f7fd587a
1040,https://metransfers.es/descubre-dia-de-la-virgen-de-montserrat-guia-de-traslados-a-la-moreneta-5412/,descubre-dia-de-la-virgen-de-montserrat-guia-de-traslados-a-la-moreneta-5412,"Conductor por Horas en Barcelona | Servicio de Chófer Privado a tu Disposición","Desajuste claro",No,14,14,516,3379,https://transfersinbarcelona.com/es,2026-04-20T09:00:00,"La URL promete un tema o destino diferente al que desarrollan el título y el cuerpo actuales.","Elegir entre conservar el artículo actual y migrar su URL, o recuperar el tema original y publicar el nuevo artículo en otra entrada.",conductor-por-horas-en-barcelona,4ba461bdbb96672375c22b7763e373e26643ff4d6f5b147b1733da97a8a8ff52
1041,https://metransfers.es/descubre-protocolo-vip-formacion-de-nuestros-conductores-en-atencion-al-cliente-de-alto-nivel-2270/,descubre-protocolo-vip-formacion-de-nuestros-conductores-en-atencion-al-cliente-de-alto-nivel-2270,"Tour Privado Gaudí en Barcelona | Excursión en Coche con Conductor","Desajuste claro",No,70,13,2561,16829,https://transfersinbarcelona.com/es,2026-04-21T09:00:00,"La URL promete un tema o destino diferente al que desarrollan el título y el cuerpo actuales. Hay bloques de texto idénticos repetidos dentro del artículo.","Elegir entre conservar el artículo actual y migrar su URL, o recuperar el tema original y publicar el nuevo artículo en otra entrada.",tour-privado-gaudi-en-barcelona,904f36741b1baef2ec3faa08ff3facd84719b14d557101c9bcfe77e62820ca84
1042,https://metransfers.es/descubre-traslados-a-cadaques-la-guia-definitiva-para-el-viaje-mas-pintoresco-de-catalunya-6468/,descubre-traslados-a-cadaques-la-guia-definitiva-para-el-viaje-mas-pintoresco-de-catalunya-6468,"Tour Panorámico Barcelona en Coche Privado | Las Mejores Vistas con MeTransfers","Desajuste claro",No,9,9,365,2423,https://transfersinbarcelona.com/es,2026-04-22T09:00:00,"La URL promete un tema o destino diferente al que desarrollan el título y el cuerpo actuales.","Elegir entre conservar el artículo actual y migrar su URL, o recuperar el tema original y publicar el nuevo artículo en otra entrada.",tour-panoramico-barcelona-en-coche-privado,3258432cc1c2dbaec8859c4021fc50c6a0a0c8bb2e6e3108920ab8b271b935e3
1043,https://metransfers.es/guia-completa-gastronomia-de-abril-traslados-a-las-mejores-calcotades-de-la-temporada-6972/,guia-completa-gastronomia-de-abril-traslados-a-las-mejores-calcotades-de-la-temporada-6972,"Traslado Privado Barcelona a Penedès | Tour del Vino y Cava en Coche","Desajuste claro",No,10,10,477,3042,https://transfersinbarcelona.com/es,2026-04-23T09:00:00,"La URL promete un tema o destino diferente al que desarrollan el título y el cuerpo actuales.","Elegir entre conservar el artículo actual y migrar su URL, o recuperar el tema original y publicar el nuevo artículo en otra entrada.",traslado-privado-barcelona-a-penedes,e9245a62ad3e1af1938ed17e9991dbca47516e8433a815f17b0901faae7089d7
1044,https://metransfers.es/todo-lo-que-debes-saber-sobre-barcelona-para-seniors-comodidad-y-accesibilidad-en-todos-nuestros-vehiculos-9650/,todo-lo-que-debes-saber-sobre-barcelona-para-seniors-comodidad-y-accesibilidad-en-todos-nuestros-vehiculos-9650,"Transfer Privado Barcelona a Puigcerdà | Traslado a La Cerdanya y los Pirineos","Desajuste claro",No,59,11,1851,12367,https://transfersinbarcelona.com/es,2026-04-24T09:00:00,"La URL promete un tema o destino diferente al que desarrollan el título y el cuerpo actuales. Hay bloques de texto idénticos repetidos dentro del artículo.","Elegir entre conservar el artículo actual y migrar su URL, o recuperar el tema original y publicar el nuevo artículo en otra entrada.",transfer-privado-barcelona-a-puigcerda,4c2187cdabfa25e816405ceb9d70f5f75fcdcf7e5daf3935f8c097f95c3ef946
1045,https://metransfers.es/guia-completa-facturacion-para-empresas-simplifica-tus-gastos-de-movilidad-con-merchan-dev-5166/,guia-completa-facturacion-para-empresas-simplifica-tus-gastos-de-movilidad-con-merchan-dev-5166,"Traslado Privado Barcelona a La Molina | Transfer a la Estación de Esquí","Desajuste claro",No,10,10,528,3301,https://transfersinbarcelona.com/es,2026-04-25T09:00:00,"La URL promete un tema o destino diferente al que desarrollan el título y el cuerpo actuales.","Elegir entre conservar el artículo actual y migrar su URL, o recuperar el tema original y publicar el nuevo artículo en otra entrada.",traslado-privado-barcelona-a-la-molina,21d854c639ad04ecc43235ec22f7947cc8e94432f5535c40b4978d32d2ffb827
1046,https://metransfers.es/la-mejor-opcion-de-dia-del-trabajador-disponibilidad-total-de-nuestra-flota-en-dias-festivos-9236/,la-mejor-opcion-de-dia-del-trabajador-disponibilidad-total-de-nuestra-flota-en-dias-festivos-9236,"Transfer Barcelona a San Sebastián (Donostia) | Traslado a la Perla del Cantábrico","Desajuste claro",No,11,11,409,2665,https://transfersinbarcelona.com/es,2026-04-26T09:00:00,"La URL promete un tema o destino diferente al que desarrollan el título y el cuerpo actuales.","Elegir entre conservar el artículo actual y migrar su URL, o recuperar el tema original y publicar el nuevo artículo en otra entrada.",transfer-barcelona-a-san-sebastian-donostia,8144c4d420b08890f8b76d71ffa1351341e743c2d7a6613afa53454cedecbc70
1047,https://metransfers.es/guia-completa-girona-temps-de-flors-traslados-exclusivos-para-ver-la-ciudad-de-las-flores-9982/,guia-completa-girona-temps-de-flors-traslados-exclusivos-para-ver-la-ciudad-de-las-flores-9982,"Traslado Privado Barcelona a Córdoba | Transfer a la Ciudad de la Mezquita","Desajuste claro",No,10,10,309,2005,https://transfersinbarcelona.com/es,2026-04-27T09:00:00,"La URL promete un tema o destino diferente al que desarrollan el título y el cuerpo actuales. No figura en el manifiesto del 21 de septiembre.","Elegir entre conservar el artículo actual y migrar su URL, o recuperar el tema original y publicar el nuevo artículo en otra entrada.",,33d7b5ba43d96a3e751e1c370ad269b6932f082acb93c6a53484241b71f24b39
1048,https://metransfers.es/la-mejor-opcion-de-preparativos-de-verano-reserva-tu-traslado-ahora-y-asegura-el-mejor-precio-para-julio-1970/,la-mejor-opcion-de-preparativos-de-verano-reserva-tu-traslado-ahora-y-asegura-el-mejor-precio-para-julio-1970,"Transfer Barcelona a Toledo | Traslado Privado a la Ciudad Imperial","Desajuste claro",No,15,15,659,4329,https://transfersinbarcelona.com/es,2026-04-28T09:00:00,"La URL promete un tema o destino diferente al que desarrollan el título y el cuerpo actuales.","Elegir entre conservar el artículo actual y migrar su URL, o recuperar el tema original y publicar el nuevo artículo en otra entrada.",transfer-barcelona-a-toledo,33803624a4ef5da391543e365ed3326918ba44e313b0b9dc045504bb4576bab5
1049,https://metransfers.es/guia-completa-star-wars-day-tours-galacticos-por-la-arquitectura-moderna-de-barcelona-8795/,guia-completa-star-wars-day-tours-galacticos-por-la-arquitectura-moderna-de-barcelona-8795,"Traslado Barcelona a La Costa del Sol | Transfer Privado a Marbella y Estepona","Desajuste claro",No,11,11,404,2556,https://transfersinbarcelona.com/es,2026-04-29T09:00:00,"La URL promete un tema o destino diferente al que desarrollan el título y el cuerpo actuales.","Elegir entre conservar el artículo actual y migrar su URL, o recuperar el tema original y publicar el nuevo artículo en otra entrada.",traslado-barcelona-a-la-costa-del-sol,7145bf85b5fca5a5c3aa619aadd1bdb0ef3bf878542fbec23275fd2d41a3b5c0
1050,https://metransfers.es/todo-lo-que-debes-saber-sobre-traslados-al-aeropuerto-de-reus-ampliamos-nuestras-rutas-para-tu-comodidad-6244/,todo-lo-que-debes-saber-sobre-traslados-al-aeropuerto-de-reus-ampliamos-nuestras-rutas-para-tu-comodidad-6244,"Transfer Privado Barcelona a Delta del Ebro | Traslado a la Naturaleza","Desajuste claro",No,11,11,459,2906,https://transfersinbarcelona.com/es,2026-04-30T09:00:00,"La URL promete un tema o destino diferente al que desarrollan el título y el cuerpo actuales.","Elegir entre conservar el artículo actual y migrar su URL, o recuperar el tema original y publicar el nuevo artículo en otra entrada.",transfer-privado-barcelona-a-delta-del-ebro,c554f9c083c21672fc3eff65e3c0c320a4fb959028a23c3d2ef4803920dd1c52
1051,https://metransfers.es/guia-completa-eventos-corporativos-como-organizar-traslados-para-cenas-de-empresa-en-el-port-olimpic-2849/,guia-completa-eventos-corporativos-como-organizar-traslados-para-cenas-de-empresa-en-el-port-olimpic-2849,"Traslado Privado Barcelona a Begur | Transfer a las Mejores Calas","Desajuste claro",No,55,11,2487,16493,https://transfersinbarcelona.com/es,2026-05-01T09:00:00,"La URL promete un tema o destino diferente al que desarrollan el título y el cuerpo actuales. Hay bloques de texto idénticos repetidos dentro del artículo.","Elegir entre conservar el artículo actual y migrar su URL, o recuperar el tema original y publicar el nuevo artículo en otra entrada.",traslado-privado-barcelona-a-begur,7d3f64ede78e6829b97a3bdec04005cc5e14ee39647c1c43781180820284e160
1052,https://metransfers.es/guia-completa-dia-de-europa-conectando-las-principales-capitales-desde-el-prat-1999/,guia-completa-dia-de-europa-conectando-las-principales-capitales-desde-el-prat-1999,"Transfer Privado Barcelona a Palafrugell | Traslado al Corazón del Baix Empordà","Desajuste claro",No,35,35,642,4311,,2026-08-12T12:26:39,"La URL promete un tema o destino diferente al que desarrollan el título y el cuerpo actuales.","Elegir entre conservar el artículo actual y migrar su URL, o recuperar el tema original y publicar el nuevo artículo en otra entrada.",transfer-privado-barcelona-a-palafrugell,4d931d1432142cc2d2263b44099775a9c23287d100fb77b7596b094f36ebf3f8
1053,https://metransfers.es/por-que-elegir-turismo-de-cruceros-calendario-de-llegadas-al-puerto-de-barcelona-para-mayo-6450/,por-que-elegir-turismo-de-cruceros-calendario-de-llegadas-al-puerto-de-barcelona-para-mayo-6450,"Traslado Privado Barcelona a L’Estartit | Transfer a las Islas Medes","Desajuste claro",No,11,11,400,2597,https://transfersinbarcelona.com/es,2026-05-03T09:00:00,"La URL promete un tema o destino diferente al que desarrollan el título y el cuerpo actuales.","Elegir entre conservar el artículo actual y migrar su URL, o recuperar el tema original y publicar el nuevo artículo en otra entrada.",traslado-privado-barcelona-a-lestartit,7031dfc9d09108d0390ed02b3e62858ce7b3bef97f702ad593f98be474b98bae
1054,https://metransfers.es/la-mejor-opcion-de-la-importancia-de-la-puntualidad-en-lunes-como-vencemos-el-trafico-matutino-9176/,la-mejor-opcion-de-la-importancia-de-la-puntualidad-en-lunes-como-vencemos-el-trafico-matutino-9176,"Transfer Barcelona a Empuriabrava | Traslado a la Venecia Catalana","Desajuste claro",No,13,13,518,3282,https://transfersinbarcelona.com/es,2026-05-04T09:00:00,"La URL promete un tema o destino diferente al que desarrollan el título y el cuerpo actuales.","Elegir entre conservar el artículo actual y migrar su URL, o recuperar el tema original y publicar el nuevo artículo en otra entrada.",transfer-barcelona-a-empuriabrava,3a29061c860a43ce952171156324bef35b73e6309a1f94a63e4df606cc098218
1055,https://metransfers.es/la-mejor-opcion-de-los-mejores-hoteles-con-terraza-en-barcelona-te-llevamos-al-afterwork-perfecto-6085/,la-mejor-opcion-de-los-mejores-hoteles-con-terraza-en-barcelona-te-llevamos-al-afterwork-perfecto-6085,"Traslado Privado Barcelona a Roses | Transfer al Paraíso del Alt Empordà","Desajuste claro",No,12,12,451,2850,https://transfersinbarcelona.com/es,2026-05-05T09:00:00,"La URL promete un tema o destino diferente al que desarrollan el título y el cuerpo actuales.","Elegir entre conservar el artículo actual y migrar su URL, o recuperar el tema original y publicar el nuevo artículo en otra entrada.",traslado-privado-barcelona-a-roses,176c6fe98f4d04c7656e4f2090ce4664857f678ebe11b906e0b277a5643e2236
1056,https://metransfers.es/descubre-dia-de-san-isidro-traslados-a-eventos-culturales-y-verbenas-locales-7969/,descubre-dia-de-san-isidro-traslados-a-eventos-culturales-y-verbenas-locales-7969,"Transfer Barcelona a L’Escala | Traslado a las Ruinas de Empúries","Desajuste claro",No,9,9,277,1767,https://transfersinbarcelona.com/es,2026-05-06T09:00:00,"La URL promete un tema o destino diferente al que desarrollan el título y el cuerpo actuales.","Elegir entre conservar el artículo actual y migrar su URL, o recuperar el tema original y publicar el nuevo artículo en otra entrada.",transfer-barcelona-a-lescala,8cc41d3e4ca810cc960a1d75c4bcd36aade2d70f5d5e60203b24896b84a3b3c8
18057,https://metransfers.es/descubre-descubre-la-historia-y-las-obras-maestras-del-museo-picasso-en-barcelona-6111/,descubre-descubre-la-historia-y-las-obras-maestras-del-museo-picasso-en-barcelona-6111,"Traslado Privado Barcelona a Palamós | Transfer a la Capital de la Gamba","Desajuste claro",No,58,11,1778,11383,https://transfersinbarcelona.com/es,2026-05-07T09:00:00,"La URL promete un tema o destino diferente al que desarrollan el título y el cuerpo actuales. Hay bloques de texto idénticos repetidos dentro del artículo.","Elegir entre conservar el artículo actual y migrar su URL, o recuperar el tema original y publicar el nuevo artículo en otra entrada.",traslado-privado-barcelona-a-palamos,7cdfc3ef7031269c38550cfa7e994ac83f88421d61bd7f77a2be693c807984e7
18188,https://metransfers.es/descubre-transfer-privado-a-andorra-una-experiencia-de-lujo-para-explorar-los-encantos-de-este-hermoso-pais-9778/,descubre-transfer-privado-a-andorra-una-experiencia-de-lujo-para-explorar-los-encantos-de-este-hermoso-pais-9778,"Transfer Barcelona a Sant Feliu de Guíxols | Traslado a la Costa Brava del Modernismo","Desajuste claro",No,52,10,1883,11928,https://transfersinbarcelona.com/es,2026-05-08T09:00:00,"La URL promete un tema o destino diferente al que desarrollan el título y el cuerpo actuales. Hay bloques de texto idénticos repetidos dentro del artículo.","Elegir entre conservar el artículo actual y migrar su URL, o recuperar el tema original y publicar el nuevo artículo en otra entrada.",transfer-barcelona-a-sant-feliu-de-guixols,076575f73c7fef665241bb6a900e399f99eb4471c4da196346e7d34b5539abc4
20093,https://metransfers.es/por-que-elegir-explorando-figueres-dali-y-las-joyas-de-la-costa-brava-8023/,por-que-elegir-explorando-figueres-dali-y-las-joyas-de-la-costa-brava-8023,"Traslado Privado Barcelona a Platja d’Aro | Transfer a la Costa Brava Elegante","Desajuste claro",No,12,12,418,2684,https://transfersinbarcelona.com/es,2026-05-09T09:00:00,"La URL promete un tema o destino diferente al que desarrollan el título y el cuerpo actuales. No figura en el manifiesto del 21 de septiembre.","Elegir entre conservar el artículo actual y migrar su URL, o recuperar el tema original y publicar el nuevo artículo en otra entrada.",,f8660a2ab70104417b3bf3c16fcebb2363dc549fc7f3f5cdb85229de85bcd411
21070,https://metransfers.es/la-mejor-opcion-de-madrid-y-sus-encantos-9666/,la-mejor-opcion-de-madrid-y-sus-encantos-9666,"Transfer Privado Barcelona a Tortosa | Traslado a las Tierras del Ebro","Desajuste claro",No,11,11,451,2889,https://transfersinbarcelona.com/es,2026-05-10T09:00:00,"La URL promete un tema o destino diferente al que desarrollan el título y el cuerpo actuales.","Elegir entre conservar el artículo actual y migrar su URL, o recuperar el tema original y publicar el nuevo artículo en otra entrada.",transfer-privado-barcelona-a-tortosa,cc1accf623f94230efdd26e5a34accd73bdd71209887b6887a421a653881ae77
21246,https://metransfers.es/todo-lo-que-debes-saber-sobre-lonjas-de-pescado-en-la-costa-de-cataluna-8116/,todo-lo-que-debes-saber-sobre-lonjas-de-pescado-en-la-costa-de-cataluna-8116,"Traslado Privado Barcelona a Montblanc | Transfer a la Vila Medieval i Poblet","Desajuste claro",No,14,14,533,3456,https://transfersinbarcelona.com/es,2026-05-11T09:00:00,"La URL promete un tema o destino diferente al que desarrollan el título y el cuerpo actuales.","Elegir entre conservar el artículo actual y migrar su URL, o recuperar el tema original y publicar el nuevo artículo en otra entrada.",traslado-privado-barcelona-a-montblanc,659321cb945b327a4d2005f13bafd5ab802db0038039d4a24f373b2acd90b5f9
22055,https://metransfers.es/guia-completa-la-costa-dorada-6859/,guia-completa-la-costa-dorada-6859,"Transfer Privado Barcelona a Mataró | Traslado al Maresme","Desajuste claro",No,13,13,465,2948,https://transfersinbarcelona.com/es,2026-05-12T09:00:00,"La URL promete un tema o destino diferente al que desarrollan el título y el cuerpo actuales.","Elegir entre conservar el artículo actual y migrar su URL, o recuperar el tema original y publicar el nuevo artículo en otra entrada.",transfer-privado-barcelona-a-mataro,df22717fc73539c22ec16b4c0fd52c5600ca6a495a8af8132b5dc14cd1d38246
24131,https://metransfers.es/la-mejor-opcion-de-que-ver-en-montserrat-3789/,la-mejor-opcion-de-que-ver-en-montserrat-3789,"Traslado Privado Barcelona a Vic | Transfer a la Capital de Osona","Desajuste claro",No,55,11,1886,12113,https://transfersinbarcelona.com/es,2026-05-13T09:00:00,"La URL promete un tema o destino diferente al que desarrollan el título y el cuerpo actuales. Hay bloques de texto idénticos repetidos dentro del artículo.","Elegir entre conservar el artículo actual y migrar su URL, o recuperar el tema original y publicar el nuevo artículo en otra entrada.",traslado-privado-barcelona-a-vic,120ecde626d6d7b014207c236695aaf7af865d535fe8a62729a5169d2a8a4a25
27037,https://metransfers.es/por-que-elegir-top-5-destinos-de-nieve-para-una-escapada-vip-desde-barcelona-con-metransfers-2703/,por-que-elegir-top-5-destinos-de-nieve-para-una-escapada-vip-desde-barcelona-con-metransfers-2703,"Transfer Privado Barcelona a Berga | Traslado a los Pirineos Menores","Desajuste claro",No,35,35,652,4328,,2026-05-14T09:00:00,"La URL promete un tema o destino diferente al que desarrollan el título y el cuerpo actuales.","Elegir entre conservar el artículo actual y migrar su URL, o recuperar el tema original y publicar el nuevo artículo en otra entrada.",transfer-privado-barcelona-a-berga,a5c3c66531e14a7cc9da7e90c439d9b41572b9009a87f3fc868ad4685532ff1e
27219,https://metransfers.es/la-mejor-opcion-de-traslados-privados-de-barcelona-a-lloret-de-mar-tu-guia-completa-con-metransfers-3415/,la-mejor-opcion-de-traslados-privados-de-barcelona-a-lloret-de-mar-tu-guia-completa-con-metransfers-3415,"Traslado Privado Barcelona a Manresa | Transfer a la Ciudad de Sant Ignasi","Desajuste claro",No,35,35,652,4304,,2026-05-15T09:00:00,"La URL promete un tema o destino diferente al que desarrollan el título y el cuerpo actuales.","Elegir entre conservar el artículo actual y migrar su URL, o recuperar el tema original y publicar el nuevo artículo en otra entrada.",traslado-privado-barcelona-a-manresa,10ec2f6d43d1405d03ee5453159025f5f460ef9f4dad8ba3e7449e14269ffd54
27253,https://metransfers.es/descubre-traslados-privados-de-barcelona-a-madrid-viaja-con-total-comodidad-y-exclusividad-1064/,descubre-traslados-privados-de-barcelona-a-madrid-viaja-con-total-comodidad-y-exclusividad-1064,"Transfer Privado Barcelona a Terrassa | Traslado al Museo de la Ciencia y la Técnica","Desajuste claro",No,120,11,4427,28411,https://transfersinbarcelona.com/es,2026-05-16T09:00:00,"La URL promete un tema o destino diferente al que desarrollan el título y el cuerpo actuales. Hay bloques de texto idénticos repetidos dentro del artículo.","Elegir entre conservar el artículo actual y migrar su URL, o recuperar el tema original y publicar el nuevo artículo en otra entrada.",transfer-privado-barcelona-a-terrassa,01ee43538211101d61fe74d11627de51bb4a17a315dc035ec11709f2a4518908
27276,https://metransfers.es/por-que-elegir-el-camp-nou-y-el-sentimiento-cule-una-pasion-que-cruza-fronteras-con-metransfers-3757/,por-que-elegir-el-camp-nou-y-el-sentimiento-cule-una-pasion-que-cruza-fronteras-con-metransfers-3757,"Traslado Privado Barcelona a Sabadell | Transfer Ejecutivo a la Ciudad del Arte","Desajuste claro",No,52,10,1595,11136,https://transfersinbarcelona.com/es,2026-05-17T09:00:00,"La URL promete un tema o destino diferente al que desarrollan el título y el cuerpo actuales. Hay bloques de texto idénticos repetidos dentro del artículo.","Elegir entre conservar el artículo actual y migrar su URL, o recuperar el tema original y publicar el nuevo artículo en otra entrada.",traslado-privado-barcelona-a-sabadell,831126505979af7ac2636eee827701ac0b07b293bbbd9bdc287deb7309abc2d9
27301,https://metransfers.es/guia-completa-consejos-imprescindibles-para-tu-llegada-al-aeropuerto-de-barcelona-guia-practica-3553/,guia-completa-consejos-imprescindibles-para-tu-llegada-al-aeropuerto-de-barcelona-guia-practica-3553,"Transfer Privado Barcelona a Igualada | Traslado a la Anoia","Desajuste claro",No,11,11,373,2402,https://transfersinbarcelona.com/es,2026-05-18T09:00:00,"La URL promete un tema o destino diferente al que desarrollan el título y el cuerpo actuales.","Elegir entre conservar el artículo actual y migrar su URL, o recuperar el tema original y publicar el nuevo artículo en otra entrada.",transfer-privado-barcelona-a-igualada,f89caa17f922255ca81ab4fd61768e45c5f929cb91561d2575ca9c034b7451f8
27321,https://metransfers.es/guia-completa-5-razones-para-elegir-un-traslado-privado-en-tu-proxima-visita-a-barcelona-8049/,guia-completa-5-razones-para-elegir-un-traslado-privado-en-tu-proxima-visita-a-barcelona-8049,"Traslado Privado Barcelona a Granollers | Transfer al Vallès Oriental","Desajuste claro",No,9,9,457,3015,https://transfersinbarcelona.com/es,2026-05-19T09:00:00,"La URL promete un tema o destino diferente al que desarrollan el título y el cuerpo actuales.","Elegir entre conservar el artículo actual y migrar su URL, o recuperar el tema original y publicar el nuevo artículo en otra entrada.",traslado-privado-barcelona-a-granollers,8b8a9cdcff82df634cf0d8b13596278ffca786b5834458e49c373048a34d8dea
27345,https://metransfers.es/guia-completa-traslados-puerta-a-puerta-la-forma-mas-segura-de-viajar-por-espana-8798/,guia-completa-traslados-puerta-a-puerta-la-forma-mas-segura-de-viajar-por-espana-8798,"Transfer Privado Barcelona a Martorell | Traslado al Baix Llobregat","Desajuste claro",No,62,12,1962,12923,https://transfersinbarcelona.com/es,2026-05-20T09:00:00,"La URL promete un tema o destino diferente al que desarrollan el título y el cuerpo actuales. Hay bloques de texto idénticos repetidos dentro del artículo.","Elegir entre conservar el artículo actual y migrar su URL, o recuperar el tema original y publicar el nuevo artículo en otra entrada.",transfer-privado-barcelona-a-martorell,5a4dc5da87d7b9b8e1804128e6187d947579bd2cf3d82e0f74e5c30eee4a2fa7
27360,https://metransfers.es/descubre-de-barcelona-a-andorra-tu-traslado-directo-a-la-nieve-3872/,descubre-de-barcelona-a-andorra-tu-traslado-directo-a-la-nieve-3872,"Traslado Privado Barcelona a Peñíscola | Transfer al Castillo del Papa Luna","Desajuste claro",No,62,12,2892,18857,https://transfersinbarcelona.com/es,2026-05-21T09:00:00,"La URL promete un tema o destino diferente al que desarrollan el título y el cuerpo actuales. Hay bloques de texto idénticos repetidos dentro del artículo.","Elegir entre conservar el artículo actual y migrar su URL, o recuperar el tema original y publicar el nuevo artículo en otra entrada.",traslado-privado-barcelona-a-peniscola,858958b709436942691c05d1f101b970707ec8bb068088989a3e23284321928f
27442,https://metransfers.es/descubre-el-placer-de-la-carretera-tu-traslado-privado-de-barcelona-a-lloret-de-mar-9454/,descubre-el-placer-de-la-carretera-tu-traslado-privado-de-barcelona-a-lloret-de-mar-9454,"Transfer Privado Barcelona a Castellón | Traslado a la Plana de l’Arc","Desajuste claro",No,62,12,1871,11896,https://transfersinbarcelona.com/es,2026-05-22T09:00:00,"La URL promete un tema o destino diferente al que desarrollan el título y el cuerpo actuales. Hay bloques de texto idénticos repetidos dentro del artículo.","Elegir entre conservar el artículo actual y migrar su URL, o recuperar el tema original y publicar el nuevo artículo en otra entrada.",transfer-privado-barcelona-a-castellon,9f88011f46ae09490b9734ec5dcffe30847524301effb8cb97e7470ab45a8ee5
27457,https://metransfers.es/todo-lo-que-debes-saber-sobre-5-iconos-de-lloret-de-mar-que-no-te-puedes-perder-8933/,todo-lo-que-debes-saber-sobre-5-iconos-de-lloret-de-mar-que-no-te-puedes-perder-8933,"Traslado Privado Barcelona a Murcia | Transfer al Jardín de Europa","Desajuste claro",No,10,10,385,2439,https://transfersinbarcelona.com/es,2026-05-23T09:00:00,"La URL promete un tema o destino diferente al que desarrollan el título y el cuerpo actuales.","Elegir entre conservar el artículo actual y migrar su URL, o recuperar el tema original y publicar el nuevo artículo en otra entrada.",traslado-privado-barcelona-a-murcia,af82ad3d6aff395b5dceaf0c10c8bcc236b99af963c82ef33bb7d3ec04c0730c
27465,https://metransfers.es/guia-completa-de-villa-de-pescadores-a-icono-mundial-la-historia-completa-de-lloret-de-mar-4850/,guia-completa-de-villa-de-pescadores-a-icono-mundial-la-historia-completa-de-lloret-de-mar-4850,"Transfer Privado Barcelona a Cartagena | Traslado a la Ciudad Romana del Mediterráneo","Desajuste claro",No,72,12,2814,18510,https://transfersinbarcelona.com/es,2026-05-24T09:00:00,"La URL promete un tema o destino diferente al que desarrollan el título y el cuerpo actuales. Hay bloques de texto idénticos repetidos dentro del artículo.","Elegir entre conservar el artículo actual y migrar su URL, o recuperar el tema original y publicar el nuevo artículo en otra entrada.",transfer-privado-barcelona-a-cartagena,7e121dfe4e63be3b8f9a709260a59179ff5fb65acbd94224ceb414ae42877ff7
27516,https://metransfers.es/la-mejor-opcion-de-por-que-elegir-metransfers-tu-puerta-de-entrada-a-toda-espana-con-el-maximo-confort-8245/,la-mejor-opcion-de-por-que-elegir-metransfers-tu-puerta-de-entrada-a-toda-espana-con-el-maximo-confort-8245,"Traslado Privado Barcelona a Benidorm | Transfer a la Playa del Mediterráneo","Desajuste claro",No,11,11,344,2211,https://transfersinbarcelona.com/es,2026-05-25T09:00:00,"La URL promete un tema o destino diferente al que desarrollan el título y el cuerpo actuales.","Elegir entre conservar el artículo actual y migrar su URL, o recuperar el tema original y publicar el nuevo artículo en otra entrada.",traslado-privado-barcelona-a-benidorm,182650c530f5c32763f3c76269a6d9cc74fa09549d2ce5974cd78af754989bb2
27519,https://metransfers.es/por-que-elegir-mas-que-un-taxi-5-ventajas-de-elegir-un-transporte-privado-desde-barcelona-para-viajar-por-espana-9507/,por-que-elegir-mas-que-un-taxi-5-ventajas-de-elegir-un-transporte-privado-desde-barcelona-para-viajar-por-espana-9507,"Transfer Privado Barcelona a Andorra | Esquí y Compras Duty Free con MeTransfers","Desajuste claro",No,11,11,400,2541,https://transfersinbarcelona.com/es,2026-05-26T09:00:00,"La URL promete un tema o destino diferente al que desarrollan el título y el cuerpo actuales.","Elegir entre conservar el artículo actual y migrar su URL, o recuperar el tema original y publicar el nuevo artículo en otra entrada.",transfer-privado-barcelona-a-andorra-2,71dc73eda7d67a7fbafd5ec1d4dcc2d1d06816bcb78274a935d38314571c3435
27522,https://metransfers.es/guia-completa-transporte-privado-para-el-mobile-world-congress-2026-guia-para-ejecutivos-6784/,guia-completa-transporte-privado-para-el-mobile-world-congress-2026-guia-para-ejecutivos-6784,"Traslado Privado Barcelona a Biarritz | Transfer al País Vasco Francés","Desajuste claro",No,12,12,507,3222,https://transfersinbarcelona.com/es,2026-05-27T09:00:00,"La URL promete un tema o destino diferente al que desarrollan el título y el cuerpo actuales.","Elegir entre conservar el artículo actual y migrar su URL, o recuperar el tema original y publicar el nuevo artículo en otra entrada.",traslado-privado-barcelona-a-biarritz,8f8a7930c579a4c247f39e2b68c48b54a1d0505f16a65bc05294de4c2ec39559
27525,https://metransfers.es/descubre-como-ir-del-aeropuerto-de-bcn-a-portaventura-comparativa-de-opciones-7898/,descubre-como-ir-del-aeropuerto-de-bcn-a-portaventura-comparativa-de-opciones-7898,"Transfer Privado Barcelona a Carcasona | Traslado a la Ciudad Medieval Amurallada","Desajuste claro",No,12,12,423,2831,https://transfersinbarcelona.com/es,2026-05-28T09:00:00,"La URL promete un tema o destino diferente al que desarrollan el título y el cuerpo actuales.","Elegir entre conservar el artículo actual y migrar su URL, o recuperar el tema original y publicar el nuevo artículo en otra entrada.",transfer-privado-barcelona-a-carcasona,7a20379907b04e2010d862feff6e97d7125cd6a0093d9121d3312748acde8da7
27530,https://metransfers.es/todo-lo-que-debes-saber-sobre-transporte-en-barcelona-para-grupos-grandes-y-equipaje-extra-la-solucion-mercedes-clase-v-2755/,todo-lo-que-debes-saber-sobre-transporte-en-barcelona-para-grupos-grandes-y-equipaje-extra-la-solucion-mercedes-clase-v-2755,"Traslado Barcelona a Andorra – Guía Completa para Viajar con Coche Español","Desajuste claro",No,11,11,610,3972,https://transfersinbarcelona.com/es,2026-05-29T09:00:00,"La URL promete un tema o destino diferente al que desarrollan el título y el cuerpo actuales.","Elegir entre conservar el artículo actual y migrar su URL, o recuperar el tema original y publicar el nuevo artículo en otra entrada.",traslado-barcelona-a-andorra-guia-completa-para-viajar-con-coche-espanol,ae8118212896b7582b4989ce2678605557443cf962d1954778b86a3aca95398d
27536,https://metransfers.es/por-que-elegir-los-5-mejores-restaurantes-con-estrella-michelin-en-barcelona-llega-con-estilo-1633/,por-que-elegir-los-5-mejores-restaurantes-con-estrella-michelin-en-barcelona-llega-con-estilo-1633,"Transfer Privado Barcelona a París | Traslado de Larga Distancia a la Ciudad de la Luz","Desajuste claro",No,12,12,539,3572,https://transfersinbarcelona.com/es,2026-05-30T09:00:00,"La URL promete un tema o destino diferente al que desarrollan el título y el cuerpo actuales.","Elegir entre conservar el artículo actual y migrar su URL, o recuperar el tema original y publicar el nuevo artículo en otra entrada.",transfer-privado-barcelona-a-paris,9197679576bb5f326b58ac49a1ee788e07c27f8fcc13b3e58adef5fd5dec8ffa
27586,https://metransfers.es/la-mejor-opcion-de-mejores-empresas-de-traslados-en-barcelona-y-espana-top-10-ranking-2026-3795/,la-mejor-opcion-de-mejores-empresas-de-traslados-en-barcelona-y-espana-top-10-ranking-2026-3795,"Traslado Barcelona a San Sebastián | Tour Gastronómico Privado País Vasco","Desajuste claro",No,117,12,4115,25920,https://transfersinbarcelona.com/es,2026-05-31T09:00:00,"La URL promete un tema o destino diferente al que desarrollan el título y el cuerpo actuales. Hay bloques de texto idénticos repetidos dentro del artículo.","Elegir entre conservar el artículo actual y migrar su URL, o recuperar el tema original y publicar el nuevo artículo en otra entrada.",traslado-barcelona-a-san-sebastian,47ba6465f6144f6b8d8d6b1f57bb90fff9cd4c2bd9edbcf1803da91d8c19c4d8
27622,https://metransfers.es/descubre-de-barcelona-a-san-sebastian-guia-para-el-traslado-perfecto-1015/,descubre-de-barcelona-a-san-sebastian-guia-para-el-traslado-perfecto-1015,"Guía Completa: Viajar en Coche desde España a Europa con Documentos Españoles","Desajuste claro",No,31,10,1076,7152,https://transfersinbarcelona.com/es,2026-06-01T09:00:00,"La URL promete un tema o destino diferente al que desarrollan el título y el cuerpo actuales. Hay bloques de texto idénticos repetidos dentro del artículo.","Elegir entre conservar el artículo actual y migrar su URL, o recuperar el tema original y publicar el nuevo artículo en otra entrada.",guia-completa-viajar-en-coche-desde-espana-a-europa-con-documentos-espanoles,df994f48b381d9903c80961b511952a31a7d5211ae5d48c7e40e4a969af3f07d
27627,https://metransfers.es/todo-lo-que-debes-saber-sobre-barcelona-a-cadaques-la-guia-definitiva-para-un-traslado-sin-estres-8325/,todo-lo-que-debes-saber-sobre-barcelona-a-cadaques-la-guia-definitiva-para-un-traslado-sin-estres-8325,"Traslado VIP Barcelona | Servicio Ejecutivo de Lujo con MeTransfers","Desajuste claro",No,10,10,398,2672,https://transfersinbarcelona.com/es,2026-06-02T09:00:00,"La URL promete un tema o destino diferente al que desarrollan el título y el cuerpo actuales.","Elegir entre conservar el artículo actual y migrar su URL, o recuperar el tema original y publicar el nuevo artículo en otra entrada.",traslado-vip-barcelona,4178df87c3b983fe55ea26715dd6ded7a523d4bb6e31aee097f02e29be2d25e1
27631,https://metransfers.es/guia-completa-traslado-de-barcelona-a-reus-comodidad-y-puntualidad-en-cada-kilometro-5250/,guia-completa-traslado-de-barcelona-a-reus-comodidad-y-puntualidad-en-cada-kilometro-5250,"Transfer para Grupos Barcelona | Furgonetas Mercedes Clase V hasta 7 Personas","Desajuste claro",No,12,12,545,3466,https://transfersinbarcelona.com/es,2026-06-03T09:00:00,"La URL promete un tema o destino diferente al que desarrollan el título y el cuerpo actuales.","Elegir entre conservar el artículo actual y migrar su URL, o recuperar el tema original y publicar el nuevo artículo en otra entrada.",transfer-para-grupos-barcelona,18def1caa920facde3d2ce34b89de5f29cfa5a386c03a341ccbe75cb842fd3ea
27634,https://metransfers.es/guia-completa-private-transfer-barcelona-a-girona-la-forma-mas-exclusiva-de-viajar-9673/,guia-completa-private-transfer-barcelona-a-girona-la-forma-mas-exclusiva-de-viajar-9673,"Traslado Privado Barcelona a Génova | Transfer a Italia por la Costa Azul","Desajuste claro",No,13,13,383,2512,https://transfersinbarcelona.com/es,2026-06-04T09:00:00,"La URL promete un tema o destino diferente al que desarrollan el título y el cuerpo actuales.","Elegir entre conservar el artículo actual y migrar su URL, o recuperar el tema original y publicar el nuevo artículo en otra entrada.",traslado-privado-barcelona-a-genova,221edaf41da952977edde55f34c1e3d28c68a9002302c565f0e54b97d690bb0f
27637,https://metransfers.es/todo-lo-que-debes-saber-sobre-aerolineas-que-operan-en-girona-guia-completa-y-mejores-opciones-de-traslado-4137/,todo-lo-que-debes-saber-sobre-aerolineas-que-operan-en-girona-guia-completa-y-mejores-opciones-de-traslado-4137,"Transfer Privado Barcelona a Turín | Traslado a la Capital del Piamonte","Desajuste claro",No,11,11,353,2338,https://transfersinbarcelona.com/es,2026-06-05T09:00:00,"La URL promete un tema o destino diferente al que desarrollan el título y el cuerpo actuales.","Elegir entre conservar el artículo actual y migrar su URL, o recuperar el tema original y publicar el nuevo artículo en otra entrada.",transfer-privado-barcelona-a-turin,db113a3b2da8d43d5ad08ca13b69c8ca801017cd0d7e985ee29ad503e80a4d65
27640,https://metransfers.es/guia-completa-guia-paso-a-paso-como-recuperar-el-iva-tax-free-en-el-aeropuerto-de-barcelona-7480/,guia-completa-guia-paso-a-paso-como-recuperar-el-iva-tax-free-en-el-aeropuerto-de-barcelona-7480,"Traslado Privado Barcelona a Zúrich | Transfer a la Ciudad Financiera de Suiza","Desajuste claro",No,11,11,429,2857,https://transfersinbarcelona.com/es,2026-06-06T09:00:00,"La URL promete un tema o destino diferente al que desarrollan el título y el cuerpo actuales.","Elegir entre conservar el artículo actual y migrar su URL, o recuperar el tema original y publicar el nuevo artículo en otra entrada.",traslado-privado-barcelona-a-zurich,0bfe3181a92fb5ef5d70ae632af062ba32ac68d6ebdbc63bd7161fc24705bf11
27643,https://metransfers.es/todo-lo-que-debes-saber-sobre-transporte-ejecutivo-en-el-mobile-world-congress-2026-excelencia-en-movilidad-privada-en-barcelona-8458/,todo-lo-que-debes-saber-sobre-transporte-ejecutivo-en-el-mobile-world-congress-2026-excelencia-en-movilidad-privada-en-barcelona-8458,"Transfer Privado Barcelona a Basilea | Traslado al Cruce de Tres Países","Desajuste claro",No,31,9,1521,9966,https://transfersinbarcelona.com/es,2026-06-07T09:00:00,"La URL promete un tema o destino diferente al que desarrollan el título y el cuerpo actuales. Hay bloques de texto idénticos repetidos dentro del artículo.","Elegir entre conservar el artículo actual y migrar su URL, o recuperar el tema original y publicar el nuevo artículo en otra entrada.",transfer-privado-barcelona-a-basilea,95b5bf221598727ef166678bdc36a48c5a37ac161d2b71a24085a4e5c6e52b9b
27648,https://metransfers.es/la-mejor-opcion-de-domine-el-mobile-world-congress-2026-la-estrategia-de-movilidad-que-define-su-exito-en-barcelona-1172/,la-mejor-opcion-de-domine-el-mobile-world-congress-2026-la-estrategia-de-movilidad-que-define-su-exito-en-barcelona-1172,"Traslado Privado Barcelona a Luxemburgo | Transfer al Corazón de Europa","Desajuste claro",No,11,11,396,2603,https://transfersinbarcelona.com/es,2026-06-08T09:00:00,"La URL promete un tema o destino diferente al que desarrollan el título y el cuerpo actuales.","Elegir entre conservar el artículo actual y migrar su URL, o recuperar el tema original y publicar el nuevo artículo en otra entrada.",traslado-privado-barcelona-a-luxemburgo,297d6b80a953b51661b5f303927e33426feeaf2c7e5b78401a99e8c7674d9651
27653,https://metransfers.es/guia-completa-por-que-metransfers-es-la-mejor-opcion-para-tus-traslados-en-barcelona-50-razones-que-marcan-la-diferencia-8089/,guia-completa-por-que-metransfers-es-la-mejor-opcion-para-tus-traslados-en-barcelona-50-razones-que-marcan-la-diferencia-8089,"Transfer Privado Barcelona a Bruselas | Traslado a la Capital de Europa","Desajuste claro",No,35,35,650,4420,,2026-06-09T09:00:00,"La URL promete un tema o destino diferente al que desarrollan el título y el cuerpo actuales.","Elegir entre conservar el artículo actual y migrar su URL, o recuperar el tema original y publicar el nuevo artículo en otra entrada.",transfer-privado-barcelona-a-bruselas,7ddc8e46eb0bfecbebd25b13c434260019903524c3eea12546ff40c474b2c880
27656,https://metransfers.es/guia-completa-como-reservar-un-transfer-en-barcelona-en-menos-de-2-minutos-la-guia-rapida-de-metransfers-2235/,guia-completa-como-reservar-un-transfer-en-barcelona-en-menos-de-2-minutos-la-guia-rapida-de-metransfers-2235,"Traslado Privado Barcelona a Fráncfort | Transfer al Centro Financiero de Alemania","Desajuste claro",No,55,10,1735,11751,https://transfersinbarcelona.com/es,2026-06-10T09:00:00,"La URL promete un tema o destino diferente al que desarrollan el título y el cuerpo actuales. Hay bloques de texto idénticos repetidos dentro del artículo.","Elegir entre conservar el artículo actual y migrar su URL, o recuperar el tema original y publicar el nuevo artículo en otra entrada.",traslado-privado-barcelona-a-francfort,97273db5c2c021a00b25c30d5b518705499afcd53a7272a15794864d8d501b8e
27662,https://metransfers.es/todo-lo-que-debes-saber-sobre-tour-en-barcelona-excursion-privada-de-1-dia-personalizada-por-la-bcn-1789/,todo-lo-que-debes-saber-sobre-tour-en-barcelona-excursion-privada-de-1-dia-personalizada-por-la-bcn-1789,"Transfer Privado Barcelona a Stuttgart | Traslado a la Ciudad del Automóvil","Desajuste claro",No,19,19,587,3894,https://transfersinbarcelona.com/es,2026-08-12T12:30:55,"La URL promete un tema o destino diferente al que desarrollan el título y el cuerpo actuales.","Elegir entre conservar el artículo actual y migrar su URL, o recuperar el tema original y publicar el nuevo artículo en otra entrada.",transfer-privado-barcelona-a-stuttgart,4057a04eff4dd2e79d0534924957883713a43cda45ef5f9a9837d28b0da6486f
27801,https://metransfers.es/por-que-elegir-como-disenar-tu-excursion-privada-de-1-dia-por-barcelona-con-metransfers-4151/,por-que-elegir-como-disenar-tu-excursion-privada-de-1-dia-por-barcelona-con-metransfers-4151,"Traslado Ejecutivo Barcelona | Corporate Transfer para Empresas con MeTransfers","Desajuste claro",No,10,10,428,2837,https://transfersinbarcelona.com/es,2026-06-12T09:00:00,"La URL promete un tema o destino diferente al que desarrollan el título y el cuerpo actuales.","Elegir entre conservar el artículo actual y migrar su URL, o recuperar el tema original y publicar el nuevo artículo en otra entrada.",traslado-ejecutivo-barcelona,9c59819cfeb611498cf561859d0f83c26deacd43e8e383b80f154ab103331011
27804,https://metransfers.es/guia-completa-chofer-a-disposicion-por-horas-en-barcelona-que-es-y-como-aprovecharlo-al-maximo-2053/,guia-completa-chofer-a-disposicion-por-horas-en-barcelona-que-es-y-como-aprovecharlo-al-maximo-2053,"Transfer Aeropuerto El Prat | Recogida VIP con Seguimiento de Vuelo en Tiempo Real","Desajuste claro",No,9,9,475,3024,https://transfersinbarcelona.com/es,2026-06-13T09:00:00,"La URL promete un tema o destino diferente al que desarrollan el título y el cuerpo actuales.","Elegir entre conservar el artículo actual y migrar su URL, o recuperar el tema original y publicar el nuevo artículo en otra entrada.",transfer-aeropuerto-el-prat,b820b902ca51dfec1329c7e670b08c91fdbf5b551fd2c68763bff80d64c50723
27807,https://metransfers.es/guia-completa-tour-panoramico-por-barcelona-las-mejores-vistas-sin-bajar-de-tu-coche-privado-5711/,guia-completa-tour-panoramico-por-barcelona-las-mejores-vistas-sin-bajar-de-tu-coche-privado-5711,"Traslado Privado Barcelona a Huesca | Transfer a los Pirineos Aragoneses","Desajuste claro",No,17,12,643,4238,https://transfersinbarcelona.com/es,2026-06-14T09:00:00,"La URL promete un tema o destino diferente al que desarrollan el título y el cuerpo actuales. Hay bloques de texto idénticos repetidos dentro del artículo.","Elegir entre conservar el artículo actual y migrar su URL, o recuperar el tema original y publicar el nuevo artículo en otra entrada.",traslado-privado-barcelona-a-huesca,11acf1d29805fc028e235bdca2ba133f8da2ba4ceee3966fe21c33c6482e9fbe
27810,https://metransfers.es/descubre-barcelona-en-4-6-u-8-horas-elige-el-tour-en-coche-a-tu-medida-4144/,descubre-barcelona-en-4-6-u-8-horas-elige-el-tour-en-coche-a-tu-medida-4144,"Transfer Privado Barcelona a Benasque | Traslado al Valle más Bonito del Pirineo","Desajuste claro",No,13,13,554,3557,https://transfersinbarcelona.com/es,2026-06-15T09:00:00,"La URL promete un tema o destino diferente al que desarrollan el título y el cuerpo actuales.","Elegir entre conservar el artículo actual y migrar su URL, o recuperar el tema original y publicar el nuevo artículo en otra entrada.",transfer-privado-barcelona-a-benasque,1e878972e0040a69797bb111f79c7017af0108ff85cba7085290125237bd5781
27813,https://metransfers.es/guia-completa-excursion-de-1-dia-por-la-barcelona-de-gaudi-de-monumento-a-monumento-con-chofer-puerta-a-puerta-2706/,guia-completa-excursion-de-1-dia-por-la-barcelona-de-gaudi-de-monumento-a-monumento-con-chofer-puerta-a-puerta-2706,"Traslado Privado Barcelona a Teruel | Transfer a la Ciudad del Amor Modernista","Desajuste claro",No,13,13,490,3161,https://transfersinbarcelona.com/es,2026-06-16T09:00:00,"La URL promete un tema o destino diferente al que desarrollan el título y el cuerpo actuales.","Elegir entre conservar el artículo actual y migrar su URL, o recuperar el tema original y publicar el nuevo artículo en otra entrada.",traslado-privado-barcelona-a-teruel,9d4ff4cbd77d2f8133a4232bb6f7e58a236c1389a8f06c495f4da18fcf6666bf
27815,https://metransfers.es/guia-completa-conoce-nuestra-flota-los-vehiculos-de-alta-gama-para-tus-tours-por-barcelona-5020/,guia-completa-conoce-nuestra-flota-los-vehiculos-de-alta-gama-para-tus-tours-por-barcelona-5020,"Transfer Privado Barcelona a Salamanca | Traslado a la Ciudad Dorada","Desajuste claro",No,92,17,2318,15249,https://transfersinbarcelona.com/es,2026-06-17T09:00:00,"La URL promete un tema o destino diferente al que desarrollan el título y el cuerpo actuales. Hay bloques de texto idénticos repetidos dentro del artículo.","Elegir entre conservar el artículo actual y migrar su URL, o recuperar el tema original y publicar el nuevo artículo en otra entrada.",transfer-privado-barcelona-a-salamanca,054f38fb2aeb47a82612c89755be5a97e96a46f0d437628c68f48e6b4b660255
27817,https://metransfers.es/la-mejor-opcion-de-la-ventaja-de-un-conductor-local-rutas-sin-trafico-y-puntualidad-en-tu-tour-6197/,la-mejor-opcion-de-la-ventaja-de-un-conductor-local-rutas-sin-trafico-y-puntualidad-en-tu-tour-6197,"Traslado Privado Barcelona a Valladolid | Transfer a la Capital del Renacimiento","Desajuste claro",No,11,11,315,2050,https://transfersinbarcelona.com/es,2026-06-18T09:00:00,"La URL promete un tema o destino diferente al que desarrollan el título y el cuerpo actuales.","Elegir entre conservar el artículo actual y migrar su URL, o recuperar el tema original y publicar el nuevo artículo en otra entrada.",traslado-privado-barcelona-a-valladolid,86667ab66507fede49eb247990829ff681595d1a2c887b3b2be72d9d2ce8590c
27819,https://metransfers.es/la-mejor-opcion-de-precios-cerrados-en-tus-tours-por-barcelona-viaja-sin-taximetros-ni-sorpresas-9609/,la-mejor-opcion-de-precios-cerrados-en-tus-tours-por-barcelona-viaja-sin-taximetros-ni-sorpresas-9609,"Transfer Privado Barcelona a Santander | Traslado a la Perla del Cantábrico","Desajuste claro",No,13,13,560,3607,https://transfersinbarcelona.com/es,2026-06-19T09:00:00,"La URL promete un tema o destino diferente al que desarrollan el título y el cuerpo actuales.","Elegir entre conservar el artículo actual y migrar su URL, o recuperar el tema original y publicar el nuevo artículo en otra entrada.",transfer-privado-barcelona-a-santander,7a4597752487ccbb829d6b95dff744fac1ac9d46b21fce795cb7bcaee136539f
27821,https://metransfers.es/descubre-excursion-privada-a-montserrat-desde-bcn-el-viaje-mas-comodo-hasta-la-montana-3857/,descubre-excursion-privada-a-montserrat-desde-bcn-el-viaje-mas-comodo-hasta-la-montana-3857,"Traslado Privado Barcelona a La Rioja | Tour de Vinos con Conductor","Desajuste claro",No,11,11,428,2805,https://transfersinbarcelona.com/es,2026-06-20T09:00:00,"La URL promete un tema o destino diferente al que desarrollan el título y el cuerpo actuales.","Elegir entre conservar el artículo actual y migrar su URL, o recuperar el tema original y publicar el nuevo artículo en otra entrada.",traslado-privado-barcelona-a-la-rioja,33800d17543504ecea17b00bf20729a3c80adfe94755d940648bc07e002c57c3
27824,https://metransfers.es/la-mejor-opcion-de-ruta-en-coche-de-1-dia-por-la-costa-brava-tu-eliges-los-pueblos-nosotros-conducimos-1787/,la-mejor-opcion-de-ruta-en-coche-de-1-dia-por-la-costa-brava-tu-eliges-los-pueblos-nosotros-conducimos-1787,"Transfer Privado Barcelona a Pamplona | San Fermín y la Tradición Vasca","Desajuste claro",No,12,12,559,3527,https://transfersinbarcelona.com/es,2026-06-21T09:00:00,"La URL promete un tema o destino diferente al que desarrollan el título y el cuerpo actuales.","Elegir entre conservar el artículo actual y migrar su URL, o recuperar el tema original y publicar el nuevo artículo en otra entrada.",transfer-privado-barcelona-a-pamplona,39e3f822122790927b6a6c17723ca7f84276ad4a67bb41700ed0b5dab014fbf8
27826,https://metransfers.es/la-mejor-opcion-de-traslado-y-tour-de-un-dia-a-girona-transporte-exclusivo-desde-la-puerta-de-tu-hotel-6831/,la-mejor-opcion-de-traslado-y-tour-de-un-dia-a-girona-transporte-exclusivo-desde-la-puerta-de-tu-hotel-6831,"Traslado Privado Barcelona a Oviedo | Transfer a la Capital del Asturiano","Desajuste claro",No,43,10,1698,11141,https://transfersinbarcelona.com/es,2026-06-22T09:00:00,"La URL promete un tema o destino diferente al que desarrollan el título y el cuerpo actuales. Hay bloques de texto idénticos repetidos dentro del artículo.","Elegir entre conservar el artículo actual y migrar su URL, o recuperar el tema original y publicar el nuevo artículo en otra entrada.",traslado-privado-barcelona-a-oviedo,a8caa1dfc3ada41f1ba06a5f70b13647635b15ca550d94821b03a7f491ff7244
27828,https://metransfers.es/guia-completa-de-barcelona-a-sitges-transporte-privado-para-una-escapada-perfecta-de-un-dia-8383/,guia-completa-de-barcelona-a-sitges-transporte-privado-para-una-escapada-perfecta-de-un-dia-8383,"Transfer Privado Barcelona a Santiago de Compostela | Traslado a la Ciudad Santa","Desajuste claro",No,12,12,600,3928,https://transfersinbarcelona.com/es,2026-06-23T09:00:00,"La URL promete un tema o destino diferente al que desarrollan el título y el cuerpo actuales.","Elegir entre conservar el artículo actual y migrar su URL, o recuperar el tema original y publicar el nuevo artículo en otra entrada.",transfer-privado-barcelona-a-santiago-de-compostela,a5ede81c6f628375223c608a9c02984bcb809e6c105305c899f87e15ae980490
27830,https://metransfers.es/todo-lo-que-debes-saber-sobre-ruta-por-el-penedes-visita-las-bodegas-con-un-chofer-privado-y-disfruta-sin-preocuparte-por-conducir-2990/,todo-lo-que-debes-saber-sobre-ruta-por-el-penedes-visita-las-bodegas-con-un-chofer-privado-y-disfruta-sin-preocuparte-por-conducir-2990,"Traslado Privado Barcelona a Palma | Transfer hasta el Puerto para Viajar a Mallorca","Desajuste claro",No,14,14,521,3375,https://transfersinbarcelona.com/es,2026-06-24T09:00:00,"La URL promete un tema o destino diferente al que desarrollan el título y el cuerpo actuales.","Elegir entre conservar el artículo actual y migrar su URL, o recuperar el tema original y publicar el nuevo artículo en otra entrada.",traslado-privado-barcelona-a-palma,22a347ec0758934944db4286d6c208fa7d724b23eb96d1c9dfb9535a1ddb55a0
27832,https://metransfers.es/guia-completa-excursion-a-figueres-en-coche-privado-la-forma-mas-directa-de-llegar-al-museo-dali-5752/,guia-completa-excursion-a-figueres-en-coche-privado-la-forma-mas-directa-de-llegar-al-museo-dali-5752,"Transfer Privado Barcelona a Andorra para Spa | Caldea y Relax en el Principado","Desajuste claro",No,12,12,574,3635,https://transfersinbarcelona.com/es,2026-06-25T09:00:00,"La URL promete un tema o destino diferente al que desarrollan el título y el cuerpo actuales.","Elegir entre conservar el artículo actual y migrar su URL, o recuperar el tema original y publicar el nuevo artículo en otra entrada.",transfer-privado-barcelona-a-andorra-para-spa,1ccc293d3b7a1ca2e574f6fee1a7972093372e7871a8815cd39dc43a13823ecc
27834,https://metransfers.es/descubre-ruta-de-los-pueblos-medievales-de-cataluna-tu-itinerario-personalizado-en-vehiculo-privado-4534/,descubre-ruta-de-los-pueblos-medievales-de-cataluna-tu-itinerario-personalizado-en-vehiculo-privado-4534,"Guía de Traslados desde Barcelona a Francia | Todo lo que Necesitas Saber","Desajuste claro",No,14,14,543,3617,https://transfersinbarcelona.com/es,2026-08-12T10:56:05,"La URL promete un tema o destino diferente al que desarrollan el título y el cuerpo actuales.","Elegir entre conservar el artículo actual y migrar su URL, o recuperar el tema original y publicar el nuevo artículo en otra entrada.",guia-de-traslados-desde-barcelona-a-francia,9db42893eeee61ccb44da19fe7a9810fb34f8efa4bf65137c565638e246cb664
27836,https://metransfers.es/la-mejor-opcion-de-excursiones-de-un-dia-para-grupos-de-hasta-7-personas-todos-juntos-en-un-solo-vehiculo-5779/,la-mejor-opcion-de-excursiones-de-un-dia-para-grupos-de-hasta-7-personas-todos-juntos-en-un-solo-vehiculo-5779,"Traslado Privado Barcelona a Portugal | Guía para Cruzar la Frontera con Coche Español","Desajuste claro",No,255,16,8635,57649,https://transfersinbarcelona.com/es,2026-06-27T09:00:00,"La URL promete un tema o destino diferente al que desarrollan el título y el cuerpo actuales. Hay bloques de texto idénticos repetidos dentro del artículo.","Elegir entre conservar el artículo actual y migrar su URL, o recuperar el tema original y publicar el nuevo artículo en otra entrada.",traslado-privado-barcelona-a-portugal,2fa707279887c7af3b9b7b340af7c316d706f330acc85b2494716b32ce25acfe
27838,https://metransfers.es/descubre-mucho-equipaje-cero-problemas-traslados-espaciosos-para-cruceristas-y-familias-3761/,descubre-mucho-equipaje-cero-problemas-traslados-espaciosos-para-cruceristas-y-familias-3761,"Transfer Privado Barcelona a Narbona | Traslado a la Ciudad Romana Francesa","Desajuste claro",No,12,12,542,3398,https://transfersinbarcelona.com/es,2026-06-28T09:00:00,"La URL promete un tema o destino diferente al que desarrollan el título y el cuerpo actuales.","Elegir entre conservar el artículo actual y migrar su URL, o recuperar el tema original y publicar el nuevo artículo en otra entrada.",transfer-privado-barcelona-a-narbona,a42a45a92fa5020cbf7596fce25ed2472b6e61a6a67eb634f754fe67f0efadb6
27855,https://metransfers.es/la-mejor-opcion-de-recogida-vip-en-el-aeropuerto-del-prat-que-pasa-cuando-tu-chofer-te-espera-con-un-cartel-5880/,la-mejor-opcion-de-recogida-vip-en-el-aeropuerto-del-prat-que-pasa-cuando-tu-chofer-te-espera-con-un-cartel-5880,"Traslado Privado Barcelona a Avignon | Transfer a la Ciudad de los Papas","Desajuste claro",No,9,9,313,2011,https://transfersinbarcelona.com/es,2026-06-29T09:00:00,"La URL promete un tema o destino diferente al que desarrollan el título y el cuerpo actuales.","Elegir entre conservar el artículo actual y migrar su URL, o recuperar el tema original y publicar el nuevo artículo en otra entrada.",traslado-privado-barcelona-a-avignon,03e619bda35758adb74b4ccf4e68e954f26a2f86ed6be1b98c486e7731dc8b66
27858,https://metransfers.es/la-mejor-opcion-de-movilidad-para-congresos-en-barcelona-traslados-directos-del-aeropuerto-a-fira-barcelona-o-tu-hotel-9579/,la-mejor-opcion-de-movilidad-para-congresos-en-barcelona-traslados-directos-del-aeropuerto-a-fira-barcelona-o-tu-hotel-9579,"Transfer Privado Barcelona a Nimes | Traslado a la Ciudad Romana de la Provenza","Desajuste claro",No,12,12,425,2736,https://transfersinbarcelona.com/es,2026-06-30T09:00:00,"La URL promete un tema o destino diferente al que desarrollan el título y el cuerpo actuales.","Elegir entre conservar el artículo actual y migrar su URL, o recuperar el tema original y publicar el nuevo artículo en otra entrada.",transfer-privado-barcelona-a-nimes,5ea9cb39b079476e98e260fbe2d4f1ac07243627c01bf7d75430526912195959
27861,https://metransfers.es/descubre-transporte-ejecutivo-en-barcelona-vehiculos-oscuros-discrecion-y-maxima-puntualidad-1999/,descubre-transporte-ejecutivo-en-barcelona-vehiculos-oscuros-discrecion-y-maxima-puntualidad-1999,"Traslado Privado Barcelona a Lourdes | Transfer al Santuario de Peregrinación","Desajuste claro",No,12,12,525,3378,https://transfersinbarcelona.com/es,2026-07-01T09:00:00,"La URL promete un tema o destino diferente al que desarrollan el título y el cuerpo actuales.","Elegir entre conservar el artículo actual y migrar su URL, o recuperar el tema original y publicar el nuevo artículo en otra entrada.",traslado-privado-barcelona-a-lourdes,c7cd95370f457dd701a14bb3aa48109b7a4bfb32e786d4f592c4b1fc69148b28
27864,https://metransfers.es/la-mejor-opcion-de-roadshows-financieros-y-de-negocios-optimiza-tus-reuniones-en-barcelona-con-un-chofer-a-disposicion-3489/,la-mejor-opcion-de-roadshows-financieros-y-de-negocios-optimiza-tus-reuniones-en-barcelona-con-un-chofer-a-disposicion-3489,"Transfer Privado Barcelona a Albi | Traslado a la Ciudad del Toulouse-Lautrec","Desajuste claro",No,43,10,2000,12697,https://transfersinbarcelona.com/es,2026-07-02T09:00:00,"La URL promete un tema o destino diferente al que desarrollan el título y el cuerpo actuales. Hay bloques de texto idénticos repetidos dentro del artículo.","Elegir entre conservar el artículo actual y migrar su URL, o recuperar el tema original y publicar el nuevo artículo en otra entrada.",transfer-privado-barcelona-a-albi,538b04e4543898bcdb831c12c29e746c2bf27fc6aec99d323781e20d859e7a37
27867,https://metransfers.es/guia-completa-traslados-para-eventos-nocturnos-o-cenas-de-gala-en-barcelona-llega-con-estilo-y-regresa-con-seguridad-1826/,guia-completa-traslados-para-eventos-nocturnos-o-cenas-de-gala-en-barcelona-llega-con-estilo-y-regresa-con-seguridad-1826,"Traslado Privado Barcelona a Montserrat para Grupos | Tour VIP con Furgoneta","Desajuste claro",No,11,11,353,2304,https://transfersinbarcelona.com/es,2026-07-03T09:00:00,"La URL promete un tema o destino diferente al que desarrollan el título y el cuerpo actuales.","Elegir entre conservar el artículo actual y migrar su URL, o recuperar el tema original y publicar el nuevo artículo en otra entrada.",traslado-privado-barcelona-a-montserrat-para-grupos,3a95b09af5091357c390bf2f5d2a095b283389f553d657121aa2dcadd6d08171
27870,https://metransfers.es/todo-lo-que-debes-saber-sobre-operativa-de-salidas-vip-del-hotel-al-prat-sin-estres-tras-una-intensa-semana-de-negocios-7483/,todo-lo-que-debes-saber-sobre-operativa-de-salidas-vip-del-hotel-al-prat-sin-estres-tras-una-intensa-semana-de-negocios-7483,"Transfer Privado Barcelona a Costa Brava | Tour de un Día por las Calas más Bonitas","Desajuste claro",No,107,15,3347,21168,https://transfersinbarcelona.com/es,2026-07-04T09:00:00,"La URL promete un tema o destino diferente al que desarrollan el título y el cuerpo actuales. Hay bloques de texto idénticos repetidos dentro del artículo.","Elegir entre conservar el artículo actual y migrar su URL, o recuperar el tema original y publicar el nuevo artículo en otra entrada.",transfer-privado-barcelona-a-costa-brava,0c6cf993f32fa47df0c6b849f2ac84bbaf0b7d38c8690f9d1b798bc0a3ed69f9
27873,https://metransfers.es/guia-completa-escala-de-crucero-en-barcelona-tour-expres-en-coche-privado-desde-el-puerto-y-regreso-a-tiempo-2315/,guia-completa-escala-de-crucero-en-barcelona-tour-expres-en-coche-privado-desde-el-puerto-y-regreso-a-tiempo-2315,"Traslado Privado Barcelona a Céret | Transfer a los Pirineos Orientales Franceses","Desajuste claro",No,15,15,553,3670,https://transfersinbarcelona.com/es,2026-07-05T09:00:00,"La URL promete un tema o destino diferente al que desarrollan el título y el cuerpo actuales.","Elegir entre conservar el artículo actual y migrar su URL, o recuperar el tema original y publicar el nuevo artículo en otra entrada.",traslado-privado-barcelona-a-ceret,d766098da55950fdcd77ee0401bb6133ffc16bce0f1657d2e58cd005e000f420
27876,https://metransfers.es/todo-lo-que-debes-saber-sobre-movilidad-segura-y-exclusiva-para-mujeres-ejecutivas-en-barcelona-6121/,todo-lo-que-debes-saber-sobre-movilidad-segura-y-exclusiva-para-mujeres-ejecutivas-en-barcelona-6121,"Transfer Privado Barcelona a Le Perthus | Frontera y Compras en la Frontera Hispano-Francesa","Desajuste claro",No,30,30,592,3824,https://transfersinbarcelona.com/es,2026-08-12T12:14:58,"La URL promete un tema o destino diferente al que desarrollan el título y el cuerpo actuales.","Elegir entre conservar el artículo actual y migrar su URL, o recuperar el tema original y publicar el nuevo artículo en otra entrada.",transfer-privado-barcelona-a-le-perthus,82db895d35102a6abd8208b9c342046380b39584f0507d77159da333ed87b689
27880,https://metransfers.es/guia-completa-logistica-de-movilidad-para-delegaciones-medicas-preparandonos-para-los-congresos-de-primavera-en-barcelona-9184/,guia-completa-logistica-de-movilidad-para-delegaciones-medicas-preparandonos-para-los-congresos-de-primavera-en-barcelona-9184,"Traslado Privado Barcelona para Boda | Transfer Nupcial con Conductor Elegante","Desajuste claro",No,10,10,400,2483,https://transfersinbarcelona.com/es,2026-07-07T09:00:00,"La URL promete un tema o destino diferente al que desarrollan el título y el cuerpo actuales.","Elegir entre conservar el artículo actual y migrar su URL, o recuperar el tema original y publicar el nuevo artículo en otra entrada.",traslado-privado-barcelona-boda,3161dc6bbde67ebd2e2a71a07a58046d5cb6b6c05784ed5dbadede3418a9fc8c
27883,https://metransfers.es/descubre-traslados-corporativos-al-ccib-puntualidad-garantizada-para-ponentes-e-invitados-vip-3920/,descubre-traslados-corporativos-al-ccib-puntualidad-garantizada-para-ponentes-e-invitados-vip-3920,"Transfer Privado Barcelona a Murcia por la Autopista del Mediterráneo","Desajuste claro",No,9,9,565,3731,https://transfersinbarcelona.com/es,2026-07-08T09:00:00,"La URL promete un tema o destino diferente al que desarrollan el título y el cuerpo actuales.","Elegir entre conservar el artículo actual y migrar su URL, o recuperar el tema original y publicar el nuevo artículo en otra entrada.",transfer-privado-barcelona-a-murcia-por-la-autopista-del-mediterraneo,6e7d074e331936e789608138c4b61168b09d3fb2436b8f577696f7aafa0f44e7
27885,https://metransfers.es/descubre-alquiler-de-coche-con-conductor-por-horas-la-solucion-a-la-agenda-impredecible-de-los-congresos-en-barcelona-7141/,descubre-alquiler-de-coche-con-conductor-por-horas-la-solucion-a-la-agenda-impredecible-de-los-congresos-en-barcelona-7141,"Traslado Privado Barcelona a Covadonga | Transfer al Santuario de Asturias","Desajuste claro",No,77,13,2290,14737,https://transfersinbarcelona.com/es,2026-07-09T09:00:00,"La URL promete un tema o destino diferente al que desarrollan el título y el cuerpo actuales. Hay bloques de texto idénticos repetidos dentro del artículo.","Elegir entre conservar el artículo actual y migrar su URL, o recuperar el tema original y publicar el nuevo artículo en otra entrada.",traslado-privado-barcelona-a-covadonga,e72185fda30942de784b5471f78dc1b501e22022bc767a6738279f373c075065
27887,https://metransfers.es/la-mejor-opcion-de-gestion-de-equipaje-en-escalas-cortas-haz-tu-tour-por-barcelona-mientras-tus-maletas-van-seguras-en-el-maletero-7703/,la-mejor-opcion-de-gestion-de-equipaje-en-escalas-cortas-haz-tu-tour-por-barcelona-mientras-tus-maletas-van-seguras-en-el-maletero-7703,"Transfer Privado Barcelona a Costa Verde | Traslado al Norte de España","Desajuste claro",No,11,11,360,2375,https://transfersinbarcelona.com/es,2026-07-10T09:00:00,"La URL promete un tema o destino diferente al que desarrollan el título y el cuerpo actuales.","Elegir entre conservar el artículo actual y migrar su URL, o recuperar el tema original y publicar el nuevo artículo en otra entrada.",transfer-privado-barcelona-a-costa-verde,4125ee7b87128a064f46cb4f81283341aad76f4271e746550d0779c8affda870
27890,https://metransfers.es/guia-completa-fiestas-de-sant-josep-oriol-transporte-privado-al-barrio-gotico-sin-preocuparte-por-el-aparcamiento-2933/,guia-completa-fiestas-de-sant-josep-oriol-transporte-privado-al-barrio-gotico-sin-preocuparte-por-el-aparcamiento-2933,"Traslado Privado Barcelona a Gibraltar | Transfer a la Roca Británica","Desajuste claro",No,9,9,353,2297,https://transfersinbarcelona.com/es,2026-07-11T09:00:00,"La URL promete un tema o destino diferente al que desarrollan el título y el cuerpo actuales.","Elegir entre conservar el artículo actual y migrar su URL, o recuperar el tema original y publicar el nuevo artículo en otra entrada.",traslado-privado-barcelona-a-gibraltar,760989b586887441d657dfd34d8cf0946c9e4670e58d0b81ce8a75c62ae31e1a
27892,https://metransfers.es/la-mejor-opcion-de-movilidad-vip-para-artistas-y-musicos-en-barcelona-discrecion-y-gran-capacidad-de-maletero-para-instrumentos-4906/,la-mejor-opcion-de-movilidad-vip-para-artistas-y-musicos-en-barcelona-discrecion-y-gran-capacidad-de-maletero-para-instrumentos-4906,"Transfer Privado Barcelona a Albarracín | Traslado al Pueblo Medieval más Bonito de España","Desajuste claro",No,12,12,516,3468,https://transfersinbarcelona.com/es,2026-08-12T10:56:32,"La URL promete un tema o destino diferente al que desarrollan el título y el cuerpo actuales.","Elegir entre conservar el artículo actual y migrar su URL, o recuperar el tema original y publicar el nuevo artículo en otra entrada.",transfer-privado-barcelona-a-albarracin,e4029493a3e8e95417601cbddba3f086f1f73e066fd8aa3e58c49de5d5348da3
27894,https://metransfers.es/la-mejor-opcion-de-reserva-tu-traslado-de-primavera-con-antelacion-evita-las-largas-colas-de-taxis-en-el-prat-7702/,la-mejor-opcion-de-reserva-tu-traslado-de-primavera-con-antelacion-evita-las-largas-colas-de-taxis-en-el-prat-7702,"Traslado Privado Barcelona Noche | Transfer Nocturno 24 Horas con MeTransfers","Desajuste claro",No,35,35,670,4538,,2026-08-12T10:29:54,"La URL promete un tema o destino diferente al que desarrollan el título y el cuerpo actuales.","Elegir entre conservar el artículo actual y migrar su URL, o recuperar el tema original y publicar el nuevo artículo en otra entrada.",traslado-privado-barcelona-noche,b16cd18be812d725ce48c3038f6d00c5b6748d42e3e0f3290fffbccfe1b31b77
29553,https://metransfers.es/taxi-en-barcelona-servicio-rapido-seguro-y-24-horas/,taxi-en-barcelona-servicio-rapido-seguro-y-24-horas,"Taxi en Barcelona: Servicio Rápido, Seguro y 24 Horas","Coherente por tema",No,12,12,397,2472,https://transfersinbarcelona.com/es,2026-07-14T09:00:00,"La URL describe el mismo tema del título y el cuerpo; no exige copiar literalmente el título.","Conservar la URL por este motivo.",,1424506c5cfadd1877389c6e71321f5355f6e6e2a90b40b9dc9b3bb8ede60058
29554,https://metransfers.es/taxi-desde-el-aeropuerto-de-barcelona-el-prat-evita-colas-y-esperas/,taxi-desde-el-aeropuerto-de-barcelona-el-prat-evita-colas-y-esperas,"Taxi desde el Aeropuerto de Barcelona El Prat: Evita Colas y Esperas","Coherente por tema",No,15,15,477,2993,https://transfersinbarcelona.com/es,2026-07-15T09:00:00,"La URL describe el mismo tema del título y el cuerpo; no exige copiar literalmente el título.","Conservar la URL por este motivo.",,6d1d764947b94e969c7b92eba1b82cbb4cd5aa541553f7297e3f3edc4f780268
29555,https://metransfers.es/taxi-de-larga-distancia-desde-barcelona-a-madrid/,taxi-de-larga-distancia-desde-barcelona-a-madrid,"Taxi de Larga Distancia desde Barcelona a Madrid","Coherente por tema",No,23,23,543,3307,https://transfersinbarcelona.com/es,2026-08-12T10:38:50,"La URL describe el mismo tema del título y el cuerpo; no exige copiar literalmente el título.","Conservar la URL por este motivo.",,dbd002ba192e8568cc0547e84074c0116f1a8e3102d0768d922afdf5f8b13133
29556,https://metransfers.es/taxi-privado-desde-barcelona-a-valencia-viaje-directo/,taxi-privado-desde-barcelona-a-valencia-viaje-directo,"Taxi Privado desde Barcelona a Valencia: Viaje Directo","Coherente por tema",No,13,13,494,3278,https://transfersinbarcelona.com/es,2026-08-12T12:09:41,"La URL describe el mismo tema del título y el cuerpo; no exige copiar literalmente el título.","Conservar la URL por este motivo.",,8c2bcb687066a08e353d1ada9941e29289035f82078f50382afcf9a9c4c12d79
29557,https://metransfers.es/taxi-de-barcelona-a-zaragoza-confort-y-puntualidad/,taxi-de-barcelona-a-zaragoza-confort-y-puntualidad,"Taxi de Barcelona a Zaragoza: Confort y Puntualidad","Coherente por tema",No,15,15,434,2899,https://transfersinbarcelona.com/es,2026-07-18T09:00:00,"La URL describe el mismo tema del título y el cuerpo; no exige copiar literalmente el título.","Conservar la URL por este motivo.",,b2973811b4fce80c65a2b9fe6706d0a16fe21df45da9560ad5891f7158bc5970
29558,https://metransfers.es/reserva-tu-taxi-en-barcelona-tarifas-y-consejos/,reserva-tu-taxi-en-barcelona-tarifas-y-consejos,"Reserva tu Taxi en Barcelona: Tarifas y Consejos","Coherente por tema",No,14,14,445,2888,https://transfersinbarcelona.com/es,2026-07-19T09:00:00,"La URL describe el mismo tema del título y el cuerpo; no exige copiar literalmente el título.","Conservar la URL por este motivo.",,6fd0ff113f69a3ecd70fc3b8f5e9a06a949a38affad3ba1e08509ea1a5ad63dd
29559,https://metransfers.es/taxis-de-lujo-en-barcelona-viaja-con-estilo/,taxis-de-lujo-en-barcelona-viaja-con-estilo,"¿Por Qué Elegir un Servicio de Traslado Privado en Barcelona?","Relacionado; enfoque distinto",No,14,14,480,3129,https://transfersinbarcelona.com/es,2026-07-20T09:00:00,"La URL conserva un enfoque más concreto o diferente, pero está relacionada con el tema del artículo; requiere decisión editorial, no renombrado automático.","Revisar el enfoque y la intención de búsqueda antes de decidir si cambiar la URL.",por-que-elegir-un-servicio-de-traslado-privado-en-barcelona,3b1a6b792581d7aaac7363c783b287322c2ba78009d02ebf65d2c1eed1ffc9c9
29560,https://metransfers.es/como-pedir-un-taxi-en-el-puerto-de-cruceros-de-barcelona/,como-pedir-un-taxi-en-el-puerto-de-cruceros-de-barcelona,"Cómo Pedir un Taxi en el Puerto de Cruceros de Barcelona","Coherente por tema",No,12,12,519,3316,https://transfersinbarcelona.com/es,2026-08-12T12:17:18,"La URL describe el mismo tema del título y el cuerpo; no exige copiar literalmente el título.","Conservar la URL por este motivo.",,462a72b94559a5c24a73c144577e3b6e203e0fcc593af23ea372c104f5f16ec0
29561,https://metransfers.es/taxis-para-grupos-en-barcelona-furgonetas-y-minivans/,taxis-para-grupos-en-barcelona-furgonetas-y-minivans,"Guía de Testimonios: Clientes Satisfechos con Nuestros Servicios de Traslado en Barcelona","Desajuste claro",No,143,12,4235,28139,https://transfersinbarcelona.com/es,2026-07-22T09:00:00,"La URL promete un tema o destino diferente al que desarrollan el título y el cuerpo actuales. Hay bloques de texto idénticos repetidos dentro del artículo.","Elegir entre conservar el artículo actual y migrar su URL, o recuperar el tema original y publicar el nuevo artículo en otra entrada.",guia-de-testimonios-clientes-satisfechos-con-nuestros-servicios-de-traslado-en-barcelona,21f4d7dced99958f0b172bb9d3b1e62b87ef55374c81d7c47cbbc1f132284bd1
29562,https://metransfers.es/taxi-privado-desde-barcelona-a-la-costa-brava/,taxi-privado-desde-barcelona-a-la-costa-brava,"Los Mejores Servicios de Traslado para Grupos en Barcelona","Desajuste claro",No,11,11,332,2206,https://transfersinbarcelona.com/es,2026-07-23T09:00:00,"La URL promete un tema o destino diferente al que desarrollan el título y el cuerpo actuales.","Elegir entre conservar el artículo actual y migrar su URL, o recuperar el tema original y publicar el nuevo artículo en otra entrada.",los-mejores-servicios-de-traslado-para-grupos-en-barcelona,72f68c261e68d1722718a418081b6ebd75bb3a0414a81c553fe2a3c1e838cf0f
29563,https://metransfers.es/tour-privado-por-barcelona-descubre-la-magia-de-gaudi/,tour-privado-por-barcelona-descubre-la-magia-de-gaudi,"Cómo Aprovechar al Máximo tu Traslado Privado en Barcelona: Consejos y Recomendaciones","Desajuste claro",No,12,12,573,3735,https://transfersinbarcelona.com/es,2026-08-12T12:15:58,"La URL promete un tema o destino diferente al que desarrollan el título y el cuerpo actuales.","Elegir entre conservar el artículo actual y migrar su URL, o recuperar el tema original y publicar el nuevo artículo en otra entrada. El manifiesto histórico incluye cambiar título y cuerpo a otro tema; no aplicar esa decisión sin revisar la entrada.",tour-privado-magia-gaudi-barcelona,47b9c2017e9f34de6afd458fc672e6db6883954d4974048bbb0a030f604e3791
29564,https://metransfers.es/tour-gastronomico-por-barcelona-sabores-de-cataluna/,tour-gastronomico-por-barcelona-sabores-de-cataluna,"Las Mejores Experiencias Culinarias en Barcelona: Guía Completa","Coherente por tema",No,11,11,300,2057,https://transfersinbarcelona.com/es,2026-07-25T09:00:00,"La URL describe el mismo tema del título y el cuerpo; no exige copiar literalmente el título. El manifiesto anterior propone renombrarla, pero gastronomía/experiencias culinarias es el mismo tema.","Conservar la URL por este motivo.",las-mejores-experiencias-culinarias-en-barcelona-guia-completa,d8b7c5c91cd6354b6ecf2c305cf451b509ec42d118ce1707b3a09365d1fb0d0c
29565,https://metransfers.es/excursion-privada-desde-barcelona-a-montserrat/,excursion-privada-desde-barcelona-a-montserrat,"Las Mejores Aplicaciones de Transfer en Barcelona: Compara y Encuentra","Desajuste claro",No,13,13,504,3328,https://transfersinbarcelona.com/es,2026-07-26T09:00:00,"La URL promete un tema o destino diferente al que desarrollan el título y el cuerpo actuales.","Elegir entre conservar el artículo actual y migrar su URL, o recuperar el tema original y publicar el nuevo artículo en otra entrada.",las-mejores-aplicaciones-de-transfer-en-barcelona-compara-y-encuentra,452fb5d64c83e480e09b3639f1cc9c56bec952207aa45b425cae191d36755279
29566,https://metransfers.es/tour-privado-desde-barcelona-a-girona-y-museo-dali/,tour-privado-desde-barcelona-a-girona-y-museo-dali,"Cómo Planificar un Viaje Perfecto desde Barcelona: Guía Completa","Desajuste claro",No,10,10,358,2319,https://transfersinbarcelona.com/es,2026-08-12T12:16:45,"La URL promete un tema o destino diferente al que desarrollan el título y el cuerpo actuales. El título dice «desde Barcelona» y el cuerpo se centra en llegada/estancia en Barcelona: ajustar también ese enfoque.","Elegir entre conservar el artículo actual y migrar su URL, o recuperar el tema original y publicar el nuevo artículo en otra entrada. El manifiesto histórico incluye cambiar título y cuerpo a otro tema; no aplicar esa decisión sin revisar la entrada.",tour-privado-girona-museo-dali,34d297b23c2b890c84f3ff26a5e564417cc0b23ebe59e955fb5664116fc8a741
29567,https://metransfers.es/ruta-de-vinos-y-cava-por-el-penedes-desde-barcelona/,ruta-de-vinos-y-cava-por-el-penedes-desde-barcelona,"Guía Completa de Transporte en Barcelona: Todo lo que Necesitas Saber","Desajuste claro",No,13,13,569,3649,https://transfersinbarcelona.com/es,2026-08-12T12:17:59,"La URL promete un tema o destino diferente al que desarrollan el título y el cuerpo actuales.","Elegir entre conservar el artículo actual y migrar su URL, o recuperar el tema original y publicar el nuevo artículo en otra entrada.",guia-completa-de-transporte-en-barcelona-todo-lo-que-necesitas-saber,516f7a149295351000b33d55654af4fbdaedebeab6f800d733e6d18f9f8d1992
29568,https://metransfers.es/tour-panoramico-por-barcelona-en-coche-privado/,tour-panoramico-por-barcelona-en-coche-privado,"Los Mejores Tours Privados en Barcelona: Guía para Elegir el Perfecto","Relacionado; enfoque distinto",No,12,12,439,2866,https://transfersinbarcelona.com/es,2026-08-24T14:05:32,"La URL conserva un enfoque más concreto o diferente, pero está relacionada con el tema del artículo; requiere decisión editorial, no renombrado automático.","Revisar el enfoque y la intención de búsqueda antes de decidir si cambiar la URL.",los-mejores-tours-privados-en-barcelona-guia-para-elegir-el-perfecto,fe45d867144b5bba1240a606e73201f3ea4c11df811389c314a0cbe758c3057c
29569,https://metransfers.es/excursion-privada-de-barcelona-a-sitges-y-tarragona/,excursion-privada-de-barcelona-a-sitges-y-tarragona,"Las Mejores Rutas Escénicas Desde Barcelona: Descubre Cataluña en Coche","Desajuste claro",No,11301,9,481436,3108749,https://transfersinbarcelona.com/es,2026-08-24T14:04:52,"La URL promete un tema o destino diferente al que desarrollan el título y el cuerpo actuales. Hay bloques de texto idénticos repetidos dentro del artículo.","Elegir entre conservar el artículo actual y migrar su URL, o recuperar el tema original y publicar el nuevo artículo en otra entrada.",las-mejores-rutas-escenicas-desde-barcelona-descubre-cataluna-en-coche,3c0b0c579149219957803f57e93fa30daa67693c873fab2aa92e0f185f97e93f
29570,https://metransfers.es/tour-de-compras-vip-en-barcelona-la-roca-village/,tour-de-compras-vip-en-barcelona-la-roca-village,"Cómo Elegir el Mejor Servicio de Traslado para Eventos Especiales en Barcelona","Desajuste claro",No,17,17,580,3839,https://transfersinbarcelona.com/es,2026-08-12T12:16:13,"La URL promete un tema o destino diferente al que desarrollan el título y el cuerpo actuales.","Elegir entre conservar el artículo actual y migrar su URL, o recuperar el tema original y publicar el nuevo artículo en otra entrada.",como-elegir-el-mejor-servicio-de-traslado-para-eventos-especiales-en-barcelona,ab3277843da849dea586394c50a82aca49a954cd348ad1932ba58a926fba179b
29571,https://metransfers.es/ruta-de-juego-de-tronos-tour-desde-barcelona-a-girona/,ruta-de-juego-de-tronos-tour-desde-barcelona-a-girona,"Guía Completa de Traslados desde el Aeropuerto de Barcelona: Todo lo que Necesitas Saber","Desajuste claro",No,11,11,601,3924,https://transfersinbarcelona.com/es,2026-08-01T09:00:00,"La URL promete un tema o destino diferente al que desarrollan el título y el cuerpo actuales.","Elegir entre conservar el artículo actual y migrar su URL, o recuperar el tema original y publicar el nuevo artículo en otra entrada. El manifiesto histórico incluye cambiar título y cuerpo a otro tema; no aplicar esa decisión sin revisar la entrada.",ruta-juego-tronos-tour-barcelona-girona,eed538ee85daca165091c0db724a3e8e0eef0f2c96317511777985e54c9899ce
29572,https://metransfers.es/tour-privado-por-los-pueblos-medievales-de-cataluna-desde-barcelona/,tour-privado-por-los-pueblos-medievales-de-cataluna-desde-barcelona,"10 Consejos para Elegir el Mejor Servicio de Traslado en Barcelona","Desajuste claro",No,23,23,437,2807,https://transfersinbarcelona.com/es,2026-08-12T12:20:41,"La URL promete un tema o destino diferente al que desarrollan el título y el cuerpo actuales.","Elegir entre conservar el artículo actual y migrar su URL, o recuperar el tema original y publicar el nuevo artículo en otra entrada.",10-consejos-para-elegir-el-mejor-servicio-de-traslado-en-barcelona,5a4e513e517e4679fcf280a5211fd3922eb03a1e7af72635a184cf93575f9594
29735,https://metransfers.es/recuperar-el-iva-en-el-aeropuerto/,recuperar-el-iva-en-el-aeropuerto,"Los Beneficios de Usar un Servicio de Traslado Privado en Barcelona","Desajuste claro",Sí,14,14,568,3673,https://transfersinbarcelona.com/es,2026-08-24T14:04:22,"La URL promete un tema o destino diferente al que desarrollan el título y el cuerpo actuales. El extracto también mantiene el tema antiguo.","Elegir entre conservar el artículo actual y migrar su URL, o recuperar el tema original y publicar el nuevo artículo en otra entrada. El manifiesto histórico incluye cambiar título y cuerpo a otro tema; no aplicar esa decisión sin revisar la entrada.",recuperar-iva-tax-free-aeropuerto-barcelona,e9009414fae3a5d13c84ce2a185b9d08b0b8817489799aa0fb1e99da5d9798cb
29744,https://metransfers.es/movilidad-vip-para-artistas-y-musicos-en-barcelona-discrecion-y-gran-capacidad-de-maletero-para-instrumentos/,movilidad-vip-para-artistas-y-musicos-en-barcelona-discrecion-y-gran-capacidad-de-maletero-para-instrumentos,"Experiencias Únicas: Tours Temáticos en Barcelona","Desajuste claro",Sí,10,10,429,2835,https://transfersinbarcelona.com/es,2026-08-04T09:00:00,"La URL promete un tema o destino diferente al que desarrollan el título y el cuerpo actuales. El extracto también mantiene el tema antiguo.","Elegir entre conservar el artículo actual y migrar su URL, o recuperar el tema original y publicar el nuevo artículo en otra entrada.",experiencias-unicas-tours-tematicos-en-barcelona,baab886d2e32f2b8b113f3bd21b0004fd5ff6bb5a627de66682c14cb9ca3a057
29745,https://metransfers.es/barcelona-seniors-comodidad-accesibilidad-vehiculos/,barcelona-seniors-comodidad-accesibilidad-vehiculos,"Diferencias Entre Servicios de Traslado: Taxi vs. Transfer Privado en Barcelona","Desajuste claro",Sí,16,16,626,4018,https://transfersinbarcelona.com/es,2026-08-05T09:00:00,"La URL promete un tema o destino diferente al que desarrollan el título y el cuerpo actuales. El extracto también mantiene el tema antiguo.","Elegir entre conservar el artículo actual y migrar su URL, o recuperar el tema original y publicar el nuevo artículo en otra entrada.",diferencias-entre-servicios-de-traslado-taxi-vs-transfer-privado-en-barcelona,d1b821af2e203f8d47131e1c586986a4d0dc726999c071331d7b7b81e08a7d1a
29746,https://metransfers.es/lonjas-de-pescado-en-la-costa-de-cataluna/,lonjas-de-pescado-en-la-costa-de-cataluna,"Cómo Escoger el Mejor Servicio de Transfer en Barcelona: Guía Completa","Desajuste claro",Sí,13,13,647,4129,https://transfersinbarcelona.com/es,2026-08-06T09:00:00,"La URL promete un tema o destino diferente al que desarrollan el título y el cuerpo actuales. El extracto también mantiene el tema antiguo.","Elegir entre conservar el artículo actual y migrar su URL, o recuperar el tema original y publicar el nuevo artículo en otra entrada.",como-escoger-el-mejor-servicio-de-transfer-en-barcelona-guia-completa,03b306cfdfe4d52b53973c404488ca2ed9d797a45d3656e9f777a21538e92a7b
