"origen","url_solicitada","http_final","redirecciones","url_final","robots","canonical","hreflang","en_sitemap"
"inventario","https://metransfers.es/blog/","200","0","https://metransfers.es/blog/","index, follow, max-image-preview:large, max-snippet:-1, max-video-preview:-1","https://metransfers.es/blog/","","si"
"inventario","https://metransfers.es/taxi-en-barcelona-servicio-rapido-seguro-y-24-horas/","200","0","https://metransfers.es/taxi-en-barcelona-servicio-rapido-seguro-y-24-horas/","index, follow, max-image-preview:large, max-snippet:-1, max-video-preview:-1","https://metransfers.es/taxi-en-barcelona-servicio-rapido-seguro-y-24-horas/","","si"
"inventario","https://metransfers.es/taxi-desde-el-aeropuerto-de-barcelona-el-prat-evita-colas-y-esperas/","200","0","https://metransfers.es/taxi-desde-el-aeropuerto-de-barcelona-el-prat-evita-colas-y-esperas/","index, follow, max-image-preview:large, max-snippet:-1, max-video-preview:-1","https://metransfers.es/taxi-desde-el-aeropuerto-de-barcelona-el-prat-evita-colas-y-esperas/","","si"
"inventario","https://metransfers.es/taxi-de-barcelona-a-zaragoza-confort-y-puntualidad/","200","0","https://metransfers.es/taxi-de-barcelona-a-zaragoza-confort-y-puntualidad/","index, follow, max-image-preview:large, max-snippet:-1, max-video-preview:-1","https://metransfers.es/taxi-de-barcelona-a-zaragoza-confort-y-puntualidad/","","si"
"inventario","https://metransfers.es/reserva-tu-taxi-en-barcelona-tarifas-y-consejos/","200","0","https://metransfers.es/reserva-tu-taxi-en-barcelona-tarifas-y-consejos/","index, follow, max-image-preview:large, max-snippet:-1, max-video-preview:-1","https://metransfers.es/reserva-tu-taxi-en-barcelona-tarifas-y-consejos/","","si"
"inventario","https://metransfers.es/tour-gastronomico-por-barcelona-sabores-de-cataluna/","200","0","https://metransfers.es/tour-gastronomico-por-barcelona-sabores-de-cataluna/","index, follow, max-image-preview:large, max-snippet:-1, max-video-preview:-1","https://metransfers.es/tour-gastronomico-por-barcelona-sabores-de-cataluna/","","si"
"inventario","https://metransfers.es/taxi-de-larga-distancia-desde-barcelona-a-madrid/","200","0","https://metransfers.es/taxi-de-larga-distancia-desde-barcelona-a-madrid/","index, follow, max-image-preview:large, max-snippet:-1, max-video-preview:-1","https://metransfers.es/taxi-de-larga-distancia-desde-barcelona-a-madrid/","","si"
"inventario","https://metransfers.es/taxi-privado-desde-barcelona-a-valencia-viaje-directo/","200","0","https://metransfers.es/taxi-privado-desde-barcelona-a-valencia-viaje-directo/","index, follow, max-image-preview:large, max-snippet:-1, max-video-preview:-1","https://metransfers.es/taxi-privado-desde-barcelona-a-valencia-viaje-directo/","","si"
"inventario","https://metransfers.es/como-pedir-un-taxi-en-el-puerto-de-cruceros-de-barcelona/","200","0","https://metransfers.es/como-pedir-un-taxi-en-el-puerto-de-cruceros-de-barcelona/","index, follow, max-image-preview:large, max-snippet:-1, max-video-preview:-1","https://metransfers.es/como-pedir-un-taxi-en-el-puerto-de-cruceros-de-barcelona/","","si"
"inventario","https://metransfers.es/guia-completa-traslados-a-sitges-disfruta-del-paseo-maritimo-con-un-chofer-a-tu-disposicion-4640/","200","0","https://metransfers.es/guia-completa-traslados-a-sitges-disfruta-del-paseo-maritimo-con-un-chofer-a-tu-disposicion-4640/","index, follow, max-image-preview:large, max-snippet:-1, max-video-preview:-1","https://metransfers.es/guia-completa-traslados-a-sitges-disfruta-del-paseo-maritimo-con-un-chofer-a-tu-disposicion-4640/","","si"
"inventario","https://metransfers.es/como-escoger-el-mejor-servicio-de-transfer-en-barcelona-guia-completa/","200","0","https://metransfers.es/como-escoger-el-mejor-servicio-de-transfer-en-barcelona-guia-completa/","index, follow, max-image-preview:large, max-snippet:-1, max-video-preview:-1","https://metransfers.es/como-escoger-el-mejor-servicio-de-transfer-en-barcelona-guia-completa/","","si"
"inventario","https://metransfers.es/traslado-privado-de-barcelona-a-madrid/","200","0","https://metransfers.es/traslado-privado-de-barcelona-a-madrid/","index, follow, max-image-preview:large, max-snippet:-1, max-video-preview:-1","https://metransfers.es/traslado-privado-de-barcelona-a-madrid/","","si"
"inventario","https://metransfers.es/traslado-barcelona-a-valencia-en-coche-privado/","200","0","https://metransfers.es/traslado-barcelona-a-valencia-en-coche-privado/","index, follow, max-image-preview:large, max-snippet:-1, max-video-preview:-1","https://metransfers.es/traslado-barcelona-a-valencia-en-coche-privado/","","si"
"inventario","https://metransfers.es/transfer-privado-barcelona-a-sevilla/","200","0","https://metransfers.es/transfer-privado-barcelona-a-sevilla/","index, follow, max-image-preview:large, max-snippet:-1, max-video-preview:-1","https://metransfers.es/transfer-privado-barcelona-a-sevilla/","","si"
"inventario","https://metransfers.es/traslado-barcelona-a-malaga-con-conductor-privado/","200","0","https://metransfers.es/traslado-barcelona-a-malaga-con-conductor-privado/","index, follow, max-image-preview:large, max-snippet:-1, max-video-preview:-1","https://metransfers.es/traslado-barcelona-a-malaga-con-conductor-privado/","","si"
"inventario","https://metransfers.es/transfer-barcelona-a-zaragoza/","200","0","https://metransfers.es/transfer-barcelona-a-zaragoza/","index, follow, max-image-preview:large, max-snippet:-1, max-video-preview:-1","https://metransfers.es/transfer-barcelona-a-zaragoza/","","si"
"inventario","https://metransfers.es/traslado-privado-barcelona-a-bilbao/","200","0","https://metransfers.es/traslado-privado-barcelona-a-bilbao/","index, follow, max-image-preview:large, max-snippet:-1, max-video-preview:-1","https://metransfers.es/traslado-privado-barcelona-a-bilbao/","","si"
"inventario","https://metransfers.es/transfer-privado-barcelona-a-san-sebastian/","200","0","https://metransfers.es/transfer-privado-barcelona-a-san-sebastian/","index, follow, max-image-preview:large, max-snippet:-1, max-video-preview:-1","https://metransfers.es/transfer-privado-barcelona-a-san-sebastian/","","si"
"inventario","https://metransfers.es/traslado-barcelona-a-granada/","200","0","https://metransfers.es/traslado-barcelona-a-granada/","index, follow, max-image-preview:large, max-snippet:-1, max-video-preview:-1","https://metransfers.es/traslado-barcelona-a-granada/","","si"
"inventario","https://metransfers.es/transfer-barcelona-a-pamplona/","200","0","https://metransfers.es/transfer-barcelona-a-pamplona/","index, follow, max-image-preview:large, max-snippet:-1, max-video-preview:-1","https://metransfers.es/transfer-barcelona-a-pamplona/","","si"
"inventario","https://metransfers.es/traslado-privado-barcelona-a-alicante/","200","0","https://metransfers.es/traslado-privado-barcelona-a-alicante/","index, follow, max-image-preview:large, max-snippet:-1, max-video-preview:-1","https://metransfers.es/traslado-privado-barcelona-a-alicante/","","si"
"inventario","https://metransfers.es/traslado-barcelona-a-tarragona/","200","0","https://metransfers.es/traslado-barcelona-a-tarragona/","index, follow, max-image-preview:large, max-snippet:-1, max-video-preview:-1","https://metransfers.es/traslado-barcelona-a-tarragona/","","si"
"inventario","https://metransfers.es/transfer-privado-barcelona-a-girona/","200","0","https://metransfers.es/transfer-privado-barcelona-a-girona/","index, follow, max-image-preview:large, max-snippet:-1, max-video-preview:-1","https://metransfers.es/transfer-privado-barcelona-a-girona/","","si"
"inventario","https://metransfers.es/transfer-barcelona-a-portaventura/","200","0","https://metransfers.es/transfer-barcelona-a-portaventura/","index, follow, max-image-preview:large, max-snippet:-1, max-video-preview:-1","https://metransfers.es/transfer-barcelona-a-portaventura/","","si"
"inventario","https://metransfers.es/traslado-barcelona-a-montserrat/","200","0","https://metransfers.es/traslado-barcelona-a-montserrat/","index, follow, max-image-preview:large, max-snippet:-1, max-video-preview:-1","https://metransfers.es/traslado-barcelona-a-montserrat/","","si"
"inventario","https://metransfers.es/transfer-privado-barcelona-a-costa-dorada/","200","0","https://metransfers.es/transfer-privado-barcelona-a-costa-dorada/","index, follow, max-image-preview:large, max-snippet:-1, max-video-preview:-1","https://metransfers.es/transfer-privado-barcelona-a-costa-dorada/","","si"
"inventario","https://metransfers.es/traslado-barcelona-a-costa-brava/","200","0","https://metransfers.es/traslado-barcelona-a-costa-brava/","index, follow, max-image-preview:large, max-snippet:-1, max-video-preview:-1","https://metransfers.es/traslado-barcelona-a-costa-brava/","","si"
"inventario","https://metransfers.es/transfer-privado-barcelona-a-andorra/","200","0","https://metransfers.es/transfer-privado-barcelona-a-andorra/","index, follow, max-image-preview:large, max-snippet:-1, max-video-preview:-1","https://metransfers.es/transfer-privado-barcelona-a-andorra/","","si"
"inventario","https://metransfers.es/traslado-barcelona-a-lloret-de-mar/","200","0","https://metransfers.es/traslado-barcelona-a-lloret-de-mar/","index, follow, max-image-preview:large, max-snippet:-1, max-video-preview:-1","https://metransfers.es/traslado-barcelona-a-lloret-de-mar/","","si"
"inventario","https://metransfers.es/transfer-barcelona-a-cadaques/","200","0","https://metransfers.es/transfer-barcelona-a-cadaques/","index, follow, max-image-preview:large, max-snippet:-1, max-video-preview:-1","https://metransfers.es/transfer-barcelona-a-cadaques/","","si"
"inventario","https://metransfers.es/traslado-privado-barcelona-a-figueres/","200","0","https://metransfers.es/traslado-privado-barcelona-a-figueres/","index, follow, max-image-preview:large, max-snippet:-1, max-video-preview:-1","https://metransfers.es/traslado-privado-barcelona-a-figueres/","","si"
"inventario","https://metransfers.es/transfer-barcelona-a-reus/","200","0","https://metransfers.es/transfer-barcelona-a-reus/","index, follow, max-image-preview:large, max-snippet:-1, max-video-preview:-1","https://metransfers.es/transfer-barcelona-a-reus/","","si"
"inventario","https://metransfers.es/traslado-privado-barcelona-a-lleida/","200","0","https://metransfers.es/traslado-privado-barcelona-a-lleida/","index, follow, max-image-preview:large, max-snippet:-1, max-video-preview:-1","https://metransfers.es/traslado-privado-barcelona-a-lleida/","","si"
"inventario","https://metransfers.es/transfer-privado-barcelona-a-blanes/","200","0","https://metransfers.es/transfer-privado-barcelona-a-blanes/","index, follow, max-image-preview:large, max-snippet:-1, max-video-preview:-1","https://metransfers.es/transfer-privado-barcelona-a-blanes/","","si"
"inventario","https://metransfers.es/traslado-barcelona-a-tossa-de-mar/","200","0","https://metransfers.es/traslado-barcelona-a-tossa-de-mar/","index, follow, max-image-preview:large, max-snippet:-1, max-video-preview:-1","https://metransfers.es/traslado-barcelona-a-tossa-de-mar/","","si"
"inventario","https://metransfers.es/transfer-barcelona-a-perpinan/","200","0","https://metransfers.es/transfer-barcelona-a-perpinan/","index, follow, max-image-preview:large, max-snippet:-1, max-video-preview:-1","https://metransfers.es/transfer-barcelona-a-perpinan/","","si"
"inventario","https://metransfers.es/traslado-privado-barcelona-a-montpellier/","200","0","https://metransfers.es/traslado-privado-barcelona-a-montpellier/","index, follow, max-image-preview:large, max-snippet:-1, max-video-preview:-1","https://metransfers.es/traslado-privado-barcelona-a-montpellier/","","si"
"inventario","https://metransfers.es/transfer-privado-barcelona-a-niza/","200","0","https://metransfers.es/transfer-privado-barcelona-a-niza/","index, follow, max-image-preview:large, max-snippet:-1, max-video-preview:-1","https://metransfers.es/transfer-privado-barcelona-a-niza/","","si"
"inventario","https://metransfers.es/traslado-privado-barcelona-a-marsella/","200","0","https://metransfers.es/traslado-privado-barcelona-a-marsella/","index, follow, max-image-preview:large, max-snippet:-1, max-video-preview:-1","https://metransfers.es/traslado-privado-barcelona-a-marsella/","","si"
"inventario","https://metransfers.es/transfer-barcelona-a-lyon/","200","0","https://metransfers.es/transfer-barcelona-a-lyon/","index, follow, max-image-preview:large, max-snippet:-1, max-video-preview:-1","https://metransfers.es/transfer-barcelona-a-lyon/","","si"
"inventario","https://metransfers.es/traslado-privado-barcelona-a-lisboa/","200","0","https://metransfers.es/traslado-privado-barcelona-a-lisboa/","index, follow, max-image-preview:large, max-snippet:-1, max-video-preview:-1","https://metransfers.es/traslado-privado-barcelona-a-lisboa/","","si"
"inventario","https://metransfers.es/transfer-privado-barcelona-a-oporto/","200","0","https://metransfers.es/transfer-privado-barcelona-a-oporto/","index, follow, max-image-preview:large, max-snippet:-1, max-video-preview:-1","https://metransfers.es/transfer-privado-barcelona-a-oporto/","","si"
"inventario","https://metransfers.es/traslado-barcelona-a-monaco/","200","0","https://metransfers.es/traslado-barcelona-a-monaco/","index, follow, max-image-preview:large, max-snippet:-1, max-video-preview:-1","https://metransfers.es/traslado-barcelona-a-monaco/","","si"
"inventario","https://metransfers.es/transfer-privado-barcelona-a-milan/","200","0","https://metransfers.es/transfer-privado-barcelona-a-milan/","index, follow, max-image-preview:large, max-snippet:-1, max-video-preview:-1","https://metransfers.es/transfer-privado-barcelona-a-milan/","","si"
"inventario","https://metransfers.es/traslado-privado-barcelona-a-ginebra/","200","0","https://metransfers.es/traslado-privado-barcelona-a-ginebra/","index, follow, max-image-preview:large, max-snippet:-1, max-video-preview:-1","https://metransfers.es/traslado-privado-barcelona-a-ginebra/","","si"
"inventario","https://metransfers.es/transfer-privado-barcelona-a-toulouse/","200","0","https://metransfers.es/transfer-privado-barcelona-a-toulouse/","index, follow, max-image-preview:large, max-snippet:-1, max-video-preview:-1","https://metransfers.es/transfer-privado-barcelona-a-toulouse/","","si"
"inventario","https://metransfers.es/traslado-privado-barcelona-a-burdeos/","200","0","https://metransfers.es/traslado-privado-barcelona-a-burdeos/","index, follow, max-image-preview:large, max-snippet:-1, max-video-preview:-1","https://metransfers.es/traslado-privado-barcelona-a-burdeos/","","si"
"inventario","https://metransfers.es/transfer-privado-barcelona-a-munich/","200","0","https://metransfers.es/transfer-privado-barcelona-a-munich/","index, follow, max-image-preview:large, max-snippet:-1, max-video-preview:-1","https://metransfers.es/transfer-privado-barcelona-a-munich/","","si"
"inventario","https://metransfers.es/traslado-privado-aeropuerto-el-prat-a-barcelona/","200","0","https://metransfers.es/traslado-privado-aeropuerto-el-prat-a-barcelona/","index, follow, max-image-preview:large, max-snippet:-1, max-video-preview:-1","https://metransfers.es/traslado-privado-aeropuerto-el-prat-a-barcelona/","","si"
"inventario","https://metransfers.es/transfer-privado-puerto-de-cruceros-barcelona/","200","0","https://metransfers.es/transfer-privado-puerto-de-cruceros-barcelona/","index, follow, max-image-preview:large, max-snippet:-1, max-video-preview:-1","https://metransfers.es/transfer-privado-puerto-de-cruceros-barcelona/","","si"
"inventario","https://metransfers.es/conductor-por-horas-en-barcelona/","200","0","https://metransfers.es/conductor-por-horas-en-barcelona/","index, follow, max-image-preview:large, max-snippet:-1, max-video-preview:-1","https://metransfers.es/conductor-por-horas-en-barcelona/","","si"
"inventario","https://metransfers.es/tour-privado-gaudi-en-barcelona/","200","0","https://metransfers.es/tour-privado-gaudi-en-barcelona/","index, follow, max-image-preview:large, max-snippet:-1, max-video-preview:-1","https://metransfers.es/tour-privado-gaudi-en-barcelona/","","si"
"inventario","https://metransfers.es/tour-panoramico-barcelona-en-coche-privado/","200","0","https://metransfers.es/tour-panoramico-barcelona-en-coche-privado/","index, follow, max-image-preview:large, max-snippet:-1, max-video-preview:-1","https://metransfers.es/tour-panoramico-barcelona-en-coche-privado/","","si"
"inventario","https://metransfers.es/traslado-privado-barcelona-a-penedes/","200","0","https://metransfers.es/traslado-privado-barcelona-a-penedes/","index, follow, max-image-preview:large, max-snippet:-1, max-video-preview:-1","https://metransfers.es/traslado-privado-barcelona-a-penedes/","","si"
"inventario","https://metransfers.es/transfer-privado-barcelona-a-puigcerda/","200","0","https://metransfers.es/transfer-privado-barcelona-a-puigcerda/","index, follow, max-image-preview:large, max-snippet:-1, max-video-preview:-1","https://metransfers.es/transfer-privado-barcelona-a-puigcerda/","","si"
"inventario","https://metransfers.es/traslado-privado-barcelona-a-la-molina/","200","0","https://metransfers.es/traslado-privado-barcelona-a-la-molina/","index, follow, max-image-preview:large, max-snippet:-1, max-video-preview:-1","https://metransfers.es/traslado-privado-barcelona-a-la-molina/","","si"
"inventario","https://metransfers.es/transfer-barcelona-a-san-sebastian-donostia/","200","0","https://metransfers.es/transfer-barcelona-a-san-sebastian-donostia/","index, follow, max-image-preview:large, max-snippet:-1, max-video-preview:-1","https://metransfers.es/transfer-barcelona-a-san-sebastian-donostia/","","si"
"inventario","https://metransfers.es/traslado-privado-barcelona-a-cordoba/","200","0","https://metransfers.es/traslado-privado-barcelona-a-cordoba/","index, follow, max-image-preview:large, max-snippet:-1, max-video-preview:-1","https://metransfers.es/traslado-privado-barcelona-a-cordoba/","","si"
"inventario","https://metransfers.es/transfer-barcelona-a-toledo/","200","0","https://metransfers.es/transfer-barcelona-a-toledo/","index, follow, max-image-preview:large, max-snippet:-1, max-video-preview:-1","https://metransfers.es/transfer-barcelona-a-toledo/","","si"
"inventario","https://metransfers.es/traslado-barcelona-a-la-costa-del-sol/","200","0","https://metransfers.es/traslado-barcelona-a-la-costa-del-sol/","index, follow, max-image-preview:large, max-snippet:-1, max-video-preview:-1","https://metransfers.es/traslado-barcelona-a-la-costa-del-sol/","","si"
"inventario","https://metransfers.es/transfer-privado-barcelona-a-delta-del-ebro/","200","0","https://metransfers.es/transfer-privado-barcelona-a-delta-del-ebro/","index, follow, max-image-preview:large, max-snippet:-1, max-video-preview:-1","https://metransfers.es/transfer-privado-barcelona-a-delta-del-ebro/","","si"
"inventario","https://metransfers.es/traslado-privado-barcelona-a-begur/","200","0","https://metransfers.es/traslado-privado-barcelona-a-begur/","index, follow, max-image-preview:large, max-snippet:-1, max-video-preview:-1","https://metransfers.es/traslado-privado-barcelona-a-begur/","","si"
"inventario","https://metransfers.es/transfer-privado-barcelona-a-palafrugell/","200","0","https://metransfers.es/transfer-privado-barcelona-a-palafrugell/","index, follow, max-image-preview:large, max-snippet:-1, max-video-preview:-1","https://metransfers.es/transfer-privado-barcelona-a-palafrugell/","","si"
"inventario","https://metransfers.es/traslado-privado-barcelona-a-lestartit/","200","0","https://metransfers.es/traslado-privado-barcelona-a-lestartit/","index, follow, max-image-preview:large, max-snippet:-1, max-video-preview:-1","https://metransfers.es/traslado-privado-barcelona-a-lestartit/","","si"
"inventario","https://metransfers.es/transfer-barcelona-a-empuriabrava/","200","0","https://metransfers.es/transfer-barcelona-a-empuriabrava/","index, follow, max-image-preview:large, max-snippet:-1, max-video-preview:-1","https://metransfers.es/transfer-barcelona-a-empuriabrava/","","si"
"inventario","https://metransfers.es/traslado-privado-barcelona-a-roses/","200","0","https://metransfers.es/traslado-privado-barcelona-a-roses/","index, follow, max-image-preview:large, max-snippet:-1, max-video-preview:-1","https://metransfers.es/traslado-privado-barcelona-a-roses/","","si"
"inventario","https://metransfers.es/transfer-barcelona-a-lescala/","200","0","https://metransfers.es/transfer-barcelona-a-lescala/","index, follow, max-image-preview:large, max-snippet:-1, max-video-preview:-1","https://metransfers.es/transfer-barcelona-a-lescala/","","si"
"inventario","https://metransfers.es/traslado-privado-barcelona-a-palamos/","200","0","https://metransfers.es/traslado-privado-barcelona-a-palamos/","index, follow, max-image-preview:large, max-snippet:-1, max-video-preview:-1","https://metransfers.es/traslado-privado-barcelona-a-palamos/","","si"
"inventario","https://metransfers.es/transfer-barcelona-a-sant-feliu-de-guixols/","200","0","https://metransfers.es/transfer-barcelona-a-sant-feliu-de-guixols/","index, follow, max-image-preview:large, max-snippet:-1, max-video-preview:-1","https://metransfers.es/transfer-barcelona-a-sant-feliu-de-guixols/","","si"
"inventario","https://metransfers.es/traslado-privado-barcelona-a-platja-daro/","200","0","https://metransfers.es/traslado-privado-barcelona-a-platja-daro/","index, follow, max-image-preview:large, max-snippet:-1, max-video-preview:-1","https://metransfers.es/traslado-privado-barcelona-a-platja-daro/","","si"
"inventario","https://metransfers.es/transfer-privado-barcelona-a-tortosa/","200","0","https://metransfers.es/transfer-privado-barcelona-a-tortosa/","index, follow, max-image-preview:large, max-snippet:-1, max-video-preview:-1","https://metransfers.es/transfer-privado-barcelona-a-tortosa/","","si"
"inventario","https://metransfers.es/traslado-privado-barcelona-a-montblanc/","200","0","https://metransfers.es/traslado-privado-barcelona-a-montblanc/","index, follow, max-image-preview:large, max-snippet:-1, max-video-preview:-1","https://metransfers.es/traslado-privado-barcelona-a-montblanc/","","si"
"inventario","https://metransfers.es/transfer-privado-barcelona-a-mataro/","200","0","https://metransfers.es/transfer-privado-barcelona-a-mataro/","index, follow, max-image-preview:large, max-snippet:-1, max-video-preview:-1","https://metransfers.es/transfer-privado-barcelona-a-mataro/","","si"
"inventario","https://metransfers.es/traslado-privado-barcelona-a-vic/","200","0","https://metransfers.es/traslado-privado-barcelona-a-vic/","index, follow, max-image-preview:large, max-snippet:-1, max-video-preview:-1","https://metransfers.es/traslado-privado-barcelona-a-vic/","","si"
"inventario","https://metransfers.es/transfer-privado-barcelona-a-berga/","200","0","https://metransfers.es/transfer-privado-barcelona-a-berga/","index, follow, max-image-preview:large, max-snippet:-1, max-video-preview:-1","https://metransfers.es/transfer-privado-barcelona-a-berga/","","si"
"inventario","https://metransfers.es/traslado-privado-barcelona-a-manresa/","200","0","https://metransfers.es/traslado-privado-barcelona-a-manresa/","index, follow, max-image-preview:large, max-snippet:-1, max-video-preview:-1","https://metransfers.es/traslado-privado-barcelona-a-manresa/","","si"
"inventario","https://metransfers.es/transfer-privado-barcelona-a-terrassa/","200","0","https://metransfers.es/transfer-privado-barcelona-a-terrassa/","index, follow, max-image-preview:large, max-snippet:-1, max-video-preview:-1","https://metransfers.es/transfer-privado-barcelona-a-terrassa/","","si"
"inventario","https://metransfers.es/traslado-privado-barcelona-a-sabadell/","200","0","https://metransfers.es/traslado-privado-barcelona-a-sabadell/","index, follow, max-image-preview:large, max-snippet:-1, max-video-preview:-1","https://metransfers.es/traslado-privado-barcelona-a-sabadell/","","si"
"inventario","https://metransfers.es/transfer-privado-barcelona-a-igualada/","200","0","https://metransfers.es/transfer-privado-barcelona-a-igualada/","index, follow, max-image-preview:large, max-snippet:-1, max-video-preview:-1","https://metransfers.es/transfer-privado-barcelona-a-igualada/","","si"
"inventario","https://metransfers.es/traslado-privado-barcelona-a-granollers/","200","0","https://metransfers.es/traslado-privado-barcelona-a-granollers/","index, follow, max-image-preview:large, max-snippet:-1, max-video-preview:-1","https://metransfers.es/traslado-privado-barcelona-a-granollers/","","si"
"inventario","https://metransfers.es/transfer-privado-barcelona-a-martorell/","200","0","https://metransfers.es/transfer-privado-barcelona-a-martorell/","index, follow, max-image-preview:large, max-snippet:-1, max-video-preview:-1","https://metransfers.es/transfer-privado-barcelona-a-martorell/","","si"
"inventario","https://metransfers.es/traslado-privado-barcelona-a-peniscola/","200","0","https://metransfers.es/traslado-privado-barcelona-a-peniscola/","index, follow, max-image-preview:large, max-snippet:-1, max-video-preview:-1","https://metransfers.es/traslado-privado-barcelona-a-peniscola/","","si"
"inventario","https://metransfers.es/transfer-privado-barcelona-a-castellon/","200","0","https://metransfers.es/transfer-privado-barcelona-a-castellon/","index, follow, max-image-preview:large, max-snippet:-1, max-video-preview:-1","https://metransfers.es/transfer-privado-barcelona-a-castellon/","","si"
"inventario","https://metransfers.es/traslado-privado-barcelona-a-murcia/","200","0","https://metransfers.es/traslado-privado-barcelona-a-murcia/","index, follow, max-image-preview:large, max-snippet:-1, max-video-preview:-1","https://metransfers.es/traslado-privado-barcelona-a-murcia/","","si"
"inventario","https://metransfers.es/transfer-privado-barcelona-a-cartagena/","200","0","https://metransfers.es/transfer-privado-barcelona-a-cartagena/","index, follow, max-image-preview:large, max-snippet:-1, max-video-preview:-1","https://metransfers.es/transfer-privado-barcelona-a-cartagena/","","si"
"inventario","https://metransfers.es/traslado-privado-barcelona-a-benidorm/","200","0","https://metransfers.es/traslado-privado-barcelona-a-benidorm/","index, follow, max-image-preview:large, max-snippet:-1, max-video-preview:-1","https://metransfers.es/traslado-privado-barcelona-a-benidorm/","","si"
"inventario","https://metransfers.es/transfer-privado-barcelona-a-andorra-esqui-compras-duty-free/","200","0","https://metransfers.es/transfer-privado-barcelona-a-andorra-esqui-compras-duty-free/","index, follow, max-image-preview:large, max-snippet:-1, max-video-preview:-1","https://metransfers.es/transfer-privado-barcelona-a-andorra-esqui-compras-duty-free/","","si"
"inventario","https://metransfers.es/traslado-privado-barcelona-a-biarritz/","200","0","https://metransfers.es/traslado-privado-barcelona-a-biarritz/","index, follow, max-image-preview:large, max-snippet:-1, max-video-preview:-1","https://metransfers.es/traslado-privado-barcelona-a-biarritz/","","si"
"inventario","https://metransfers.es/transfer-privado-barcelona-a-carcasona/","200","0","https://metransfers.es/transfer-privado-barcelona-a-carcasona/","index, follow, max-image-preview:large, max-snippet:-1, max-video-preview:-1","https://metransfers.es/transfer-privado-barcelona-a-carcasona/","","si"
"inventario","https://metransfers.es/traslado-barcelona-a-andorra-guia-completa-para-viajar-con-coche-espanol/","200","0","https://metransfers.es/traslado-barcelona-a-andorra-guia-completa-para-viajar-con-coche-espanol/","index, follow, max-image-preview:large, max-snippet:-1, max-video-preview:-1","https://metransfers.es/traslado-barcelona-a-andorra-guia-completa-para-viajar-con-coche-espanol/","","si"
"inventario","https://metransfers.es/transfer-privado-barcelona-a-paris/","200","0","https://metransfers.es/transfer-privado-barcelona-a-paris/","index, follow, max-image-preview:large, max-snippet:-1, max-video-preview:-1","https://metransfers.es/transfer-privado-barcelona-a-paris/","","si"
"inventario","https://metransfers.es/traslado-barcelona-a-san-sebastian/","200","0","https://metransfers.es/traslado-barcelona-a-san-sebastian/","index, follow, max-image-preview:large, max-snippet:-1, max-video-preview:-1","https://metransfers.es/traslado-barcelona-a-san-sebastian/","","si"
"inventario","https://metransfers.es/guia-completa-viajar-en-coche-desde-espana-a-europa-con-documentos-espanoles/","200","0","https://metransfers.es/guia-completa-viajar-en-coche-desde-espana-a-europa-con-documentos-espanoles/","index, follow, max-image-preview:large, max-snippet:-1, max-video-preview:-1","https://metransfers.es/guia-completa-viajar-en-coche-desde-espana-a-europa-con-documentos-espanoles/","","si"
"inventario","https://metransfers.es/traslado-vip-barcelona/","200","0","https://metransfers.es/traslado-vip-barcelona/","index, follow, max-image-preview:large, max-snippet:-1, max-video-preview:-1","https://metransfers.es/traslado-vip-barcelona/","","si"
"inventario","https://metransfers.es/transfer-para-grupos-barcelona/","200","0","https://metransfers.es/transfer-para-grupos-barcelona/","index, follow, max-image-preview:large, max-snippet:-1, max-video-preview:-1","https://metransfers.es/transfer-para-grupos-barcelona/","","si"
"inventario","https://metransfers.es/traslado-privado-barcelona-a-genova/","200","0","https://metransfers.es/traslado-privado-barcelona-a-genova/","index, follow, max-image-preview:large, max-snippet:-1, max-video-preview:-1","https://metransfers.es/traslado-privado-barcelona-a-genova/","","si"
"inventario","https://metransfers.es/transfer-privado-barcelona-a-turin/","200","0","https://metransfers.es/transfer-privado-barcelona-a-turin/","index, follow, max-image-preview:large, max-snippet:-1, max-video-preview:-1","https://metransfers.es/transfer-privado-barcelona-a-turin/","","si"
"inventario","https://metransfers.es/traslado-privado-barcelona-a-zurich/","200","0","https://metransfers.es/traslado-privado-barcelona-a-zurich/","index, follow, max-image-preview:large, max-snippet:-1, max-video-preview:-1","https://metransfers.es/traslado-privado-barcelona-a-zurich/","","si"
"inventario","https://metransfers.es/transfer-privado-barcelona-a-basilea/","200","0","https://metransfers.es/transfer-privado-barcelona-a-basilea/","index, follow, max-image-preview:large, max-snippet:-1, max-video-preview:-1","https://metransfers.es/transfer-privado-barcelona-a-basilea/","","si"
"inventario","https://metransfers.es/traslado-privado-barcelona-a-luxemburgo/","200","0","https://metransfers.es/traslado-privado-barcelona-a-luxemburgo/","index, follow, max-image-preview:large, max-snippet:-1, max-video-preview:-1","https://metransfers.es/traslado-privado-barcelona-a-luxemburgo/","","si"
"inventario","https://metransfers.es/transfer-privado-barcelona-a-bruselas/","200","0","https://metransfers.es/transfer-privado-barcelona-a-bruselas/","index, follow, max-image-preview:large, max-snippet:-1, max-video-preview:-1","https://metransfers.es/transfer-privado-barcelona-a-bruselas/","","si"
"inventario","https://metransfers.es/traslado-privado-barcelona-a-francfort/","200","0","https://metransfers.es/traslado-privado-barcelona-a-francfort/","index, follow, max-image-preview:large, max-snippet:-1, max-video-preview:-1","https://metransfers.es/traslado-privado-barcelona-a-francfort/","","si"
"inventario","https://metransfers.es/transfer-privado-barcelona-a-stuttgart/","200","0","https://metransfers.es/transfer-privado-barcelona-a-stuttgart/","index, follow, max-image-preview:large, max-snippet:-1, max-video-preview:-1","https://metransfers.es/transfer-privado-barcelona-a-stuttgart/","","si"
"inventario","https://metransfers.es/traslado-ejecutivo-barcelona/","200","0","https://metransfers.es/traslado-ejecutivo-barcelona/","index, follow, max-image-preview:large, max-snippet:-1, max-video-preview:-1","https://metransfers.es/traslado-ejecutivo-barcelona/","","si"
"inventario","https://metransfers.es/transfer-aeropuerto-el-prat/","200","0","https://metransfers.es/transfer-aeropuerto-el-prat/","index, follow, max-image-preview:large, max-snippet:-1, max-video-preview:-1","https://metransfers.es/transfer-aeropuerto-el-prat/","","si"
"inventario","https://metransfers.es/traslado-privado-barcelona-a-huesca/","200","0","https://metransfers.es/traslado-privado-barcelona-a-huesca/","index, follow, max-image-preview:large, max-snippet:-1, max-video-preview:-1","https://metransfers.es/traslado-privado-barcelona-a-huesca/","","si"
"inventario","https://metransfers.es/transfer-privado-barcelona-a-benasque/","200","0","https://metransfers.es/transfer-privado-barcelona-a-benasque/","index, follow, max-image-preview:large, max-snippet:-1, max-video-preview:-1","https://metransfers.es/transfer-privado-barcelona-a-benasque/","","si"
"inventario","https://metransfers.es/traslado-privado-barcelona-a-teruel/","200","0","https://metransfers.es/traslado-privado-barcelona-a-teruel/","index, follow, max-image-preview:large, max-snippet:-1, max-video-preview:-1","https://metransfers.es/traslado-privado-barcelona-a-teruel/","","si"
"inventario","https://metransfers.es/transfer-privado-barcelona-a-salamanca/","200","0","https://metransfers.es/transfer-privado-barcelona-a-salamanca/","index, follow, max-image-preview:large, max-snippet:-1, max-video-preview:-1","https://metransfers.es/transfer-privado-barcelona-a-salamanca/","","si"
"inventario","https://metransfers.es/traslado-privado-barcelona-a-valladolid/","200","0","https://metransfers.es/traslado-privado-barcelona-a-valladolid/","index, follow, max-image-preview:large, max-snippet:-1, max-video-preview:-1","https://metransfers.es/traslado-privado-barcelona-a-valladolid/","","si"
"inventario","https://metransfers.es/transfer-privado-barcelona-a-santander/","200","0","https://metransfers.es/transfer-privado-barcelona-a-santander/","index, follow, max-image-preview:large, max-snippet:-1, max-video-preview:-1","https://metransfers.es/transfer-privado-barcelona-a-santander/","","si"
"inventario","https://metransfers.es/traslado-privado-barcelona-a-la-rioja/","200","0","https://metransfers.es/traslado-privado-barcelona-a-la-rioja/","index, follow, max-image-preview:large, max-snippet:-1, max-video-preview:-1","https://metransfers.es/traslado-privado-barcelona-a-la-rioja/","","si"
"inventario","https://metransfers.es/transfer-privado-barcelona-a-pamplona/","200","0","https://metransfers.es/transfer-privado-barcelona-a-pamplona/","index, follow, max-image-preview:large, max-snippet:-1, max-video-preview:-1","https://metransfers.es/transfer-privado-barcelona-a-pamplona/","","si"
"inventario","https://metransfers.es/traslado-privado-barcelona-a-oviedo/","200","0","https://metransfers.es/traslado-privado-barcelona-a-oviedo/","index, follow, max-image-preview:large, max-snippet:-1, max-video-preview:-1","https://metransfers.es/traslado-privado-barcelona-a-oviedo/","","si"
"inventario","https://metransfers.es/transfer-privado-barcelona-a-santiago-de-compostela/","200","0","https://metransfers.es/transfer-privado-barcelona-a-santiago-de-compostela/","index, follow, max-image-preview:large, max-snippet:-1, max-video-preview:-1","https://metransfers.es/transfer-privado-barcelona-a-santiago-de-compostela/","","si"
"inventario","https://metransfers.es/traslado-privado-barcelona-a-palma/","200","0","https://metransfers.es/traslado-privado-barcelona-a-palma/","index, follow, max-image-preview:large, max-snippet:-1, max-video-preview:-1","https://metransfers.es/traslado-privado-barcelona-a-palma/","","si"
"inventario","https://metransfers.es/transfer-privado-barcelona-a-andorra-para-spa/","200","0","https://metransfers.es/transfer-privado-barcelona-a-andorra-para-spa/","index, follow, max-image-preview:large, max-snippet:-1, max-video-preview:-1","https://metransfers.es/transfer-privado-barcelona-a-andorra-para-spa/","","si"
"inventario","https://metransfers.es/guia-de-traslados-desde-barcelona-a-francia/","200","0","https://metransfers.es/guia-de-traslados-desde-barcelona-a-francia/","index, follow, max-image-preview:large, max-snippet:-1, max-video-preview:-1","https://metransfers.es/guia-de-traslados-desde-barcelona-a-francia/","","si"
"inventario","https://metransfers.es/traslado-privado-barcelona-a-portugal/","200","0","https://metransfers.es/traslado-privado-barcelona-a-portugal/","index, follow, max-image-preview:large, max-snippet:-1, max-video-preview:-1","https://metransfers.es/traslado-privado-barcelona-a-portugal/","","si"
"inventario","https://metransfers.es/transfer-privado-barcelona-a-narbona/","200","0","https://metransfers.es/transfer-privado-barcelona-a-narbona/","index, follow, max-image-preview:large, max-snippet:-1, max-video-preview:-1","https://metransfers.es/transfer-privado-barcelona-a-narbona/","","si"
"inventario","https://metransfers.es/traslado-privado-barcelona-a-avignon/","200","0","https://metransfers.es/traslado-privado-barcelona-a-avignon/","index, follow, max-image-preview:large, max-snippet:-1, max-video-preview:-1","https://metransfers.es/traslado-privado-barcelona-a-avignon/","","si"
"inventario","https://metransfers.es/transfer-privado-barcelona-a-nimes/","200","0","https://metransfers.es/transfer-privado-barcelona-a-nimes/","index, follow, max-image-preview:large, max-snippet:-1, max-video-preview:-1","https://metransfers.es/transfer-privado-barcelona-a-nimes/","","si"
"inventario","https://metransfers.es/traslado-privado-barcelona-a-lourdes/","200","0","https://metransfers.es/traslado-privado-barcelona-a-lourdes/","index, follow, max-image-preview:large, max-snippet:-1, max-video-preview:-1","https://metransfers.es/traslado-privado-barcelona-a-lourdes/","","si"
"inventario","https://metransfers.es/transfer-privado-barcelona-a-albi/","200","0","https://metransfers.es/transfer-privado-barcelona-a-albi/","index, follow, max-image-preview:large, max-snippet:-1, max-video-preview:-1","https://metransfers.es/transfer-privado-barcelona-a-albi/","","si"
"inventario","https://metransfers.es/traslado-privado-barcelona-a-montserrat-para-grupos/","200","0","https://metransfers.es/traslado-privado-barcelona-a-montserrat-para-grupos/","index, follow, max-image-preview:large, max-snippet:-1, max-video-preview:-1","https://metransfers.es/traslado-privado-barcelona-a-montserrat-para-grupos/","","si"
"inventario","https://metransfers.es/transfer-privado-barcelona-a-costa-brava/","200","0","https://metransfers.es/transfer-privado-barcelona-a-costa-brava/","index, follow, max-image-preview:large, max-snippet:-1, max-video-preview:-1","https://metransfers.es/transfer-privado-barcelona-a-costa-brava/","","si"
"inventario","https://metransfers.es/traslado-privado-barcelona-a-ceret/","200","0","https://metransfers.es/traslado-privado-barcelona-a-ceret/","index, follow, max-image-preview:large, max-snippet:-1, max-video-preview:-1","https://metransfers.es/traslado-privado-barcelona-a-ceret/","","si"
"inventario","https://metransfers.es/transfer-privado-barcelona-a-le-perthus/","200","0","https://metransfers.es/transfer-privado-barcelona-a-le-perthus/","index, follow, max-image-preview:large, max-snippet:-1, max-video-preview:-1","https://metransfers.es/transfer-privado-barcelona-a-le-perthus/","","si"
"inventario","https://metransfers.es/traslado-privado-barcelona-boda/","200","0","https://metransfers.es/traslado-privado-barcelona-boda/","index, follow, max-image-preview:large, max-snippet:-1, max-video-preview:-1","https://metransfers.es/traslado-privado-barcelona-boda/","","si"
"inventario","https://metransfers.es/transfer-privado-barcelona-a-murcia-por-la-autopista-del-mediterraneo/","200","0","https://metransfers.es/transfer-privado-barcelona-a-murcia-por-la-autopista-del-mediterraneo/","index, follow, max-image-preview:large, max-snippet:-1, max-video-preview:-1","https://metransfers.es/transfer-privado-barcelona-a-murcia-por-la-autopista-del-mediterraneo/","","si"
"inventario","https://metransfers.es/traslado-privado-barcelona-a-covadonga/","200","0","https://metransfers.es/traslado-privado-barcelona-a-covadonga/","index, follow, max-image-preview:large, max-snippet:-1, max-video-preview:-1","https://metransfers.es/traslado-privado-barcelona-a-covadonga/","","si"
"inventario","https://metransfers.es/transfer-privado-barcelona-a-costa-verde/","200","0","https://metransfers.es/transfer-privado-barcelona-a-costa-verde/","index, follow, max-image-preview:large, max-snippet:-1, max-video-preview:-1","https://metransfers.es/transfer-privado-barcelona-a-costa-verde/","","si"
"inventario","https://metransfers.es/traslado-privado-barcelona-a-gibraltar/","200","0","https://metransfers.es/traslado-privado-barcelona-a-gibraltar/","index, follow, max-image-preview:large, max-snippet:-1, max-video-preview:-1","https://metransfers.es/traslado-privado-barcelona-a-gibraltar/","","si"
"inventario","https://metransfers.es/transfer-privado-barcelona-a-albarracin/","200","0","https://metransfers.es/transfer-privado-barcelona-a-albarracin/","index, follow, max-image-preview:large, max-snippet:-1, max-video-preview:-1","https://metransfers.es/transfer-privado-barcelona-a-albarracin/","","si"
"inventario","https://metransfers.es/traslado-privado-barcelona-noche/","200","0","https://metransfers.es/traslado-privado-barcelona-noche/","index, follow, max-image-preview:large, max-snippet:-1, max-video-preview:-1","https://metransfers.es/traslado-privado-barcelona-noche/","","si"
"inventario","https://metransfers.es/por-que-elegir-un-servicio-de-traslado-privado-en-barcelona/","200","0","https://metransfers.es/por-que-elegir-un-servicio-de-traslado-privado-en-barcelona/","index, follow, max-image-preview:large, max-snippet:-1, max-video-preview:-1","https://metransfers.es/por-que-elegir-un-servicio-de-traslado-privado-en-barcelona/","","si"
"inventario","https://metransfers.es/guia-de-testimonios-clientes-satisfechos-con-nuestros-servicios-de-traslado-en-barcelona/","200","0","https://metransfers.es/guia-de-testimonios-clientes-satisfechos-con-nuestros-servicios-de-traslado-en-barcelona/","index, follow, max-image-preview:large, max-snippet:-1, max-video-preview:-1","https://metransfers.es/guia-de-testimonios-clientes-satisfechos-con-nuestros-servicios-de-traslado-en-barcelona/","","si"
"inventario","https://metransfers.es/los-mejores-servicios-de-traslado-para-grupos-en-barcelona/","200","0","https://metransfers.es/los-mejores-servicios-de-traslado-para-grupos-en-barcelona/","index, follow, max-image-preview:large, max-snippet:-1, max-video-preview:-1","https://metransfers.es/los-mejores-servicios-de-traslado-para-grupos-en-barcelona/","","si"
"inventario","https://metransfers.es/como-aprovechar-al-maximo-tu-traslado-privado-en-barcelona/","200","0","https://metransfers.es/como-aprovechar-al-maximo-tu-traslado-privado-en-barcelona/","index, follow, max-image-preview:large, max-snippet:-1, max-video-preview:-1","https://metransfers.es/como-aprovechar-al-maximo-tu-traslado-privado-en-barcelona/","","si"
"inventario","https://metransfers.es/las-mejores-aplicaciones-de-transfer-en-barcelona-compara-y-encuentra/","200","0","https://metransfers.es/las-mejores-aplicaciones-de-transfer-en-barcelona-compara-y-encuentra/","index, follow, max-image-preview:large, max-snippet:-1, max-video-preview:-1","https://metransfers.es/las-mejores-aplicaciones-de-transfer-en-barcelona-compara-y-encuentra/","","si"
"inventario","https://metransfers.es/como-planificar-un-viaje-perfecto-en-barcelona-guia-completa/","200","0","https://metransfers.es/como-planificar-un-viaje-perfecto-en-barcelona-guia-completa/","index, follow, max-image-preview:large, max-snippet:-1, max-video-preview:-1","https://metransfers.es/como-planificar-un-viaje-perfecto-en-barcelona-guia-completa/","","si"
"inventario","https://metransfers.es/guia-completa-de-transporte-en-barcelona-todo-lo-que-necesitas-saber/","200","0","https://metransfers.es/guia-completa-de-transporte-en-barcelona-todo-lo-que-necesitas-saber/","index, follow, max-image-preview:large, max-snippet:-1, max-video-preview:-1","https://metransfers.es/guia-completa-de-transporte-en-barcelona-todo-lo-que-necesitas-saber/","","si"
"inventario","https://metransfers.es/los-mejores-tours-privados-en-barcelona-guia-para-elegir-el-perfecto/","200","0","https://metransfers.es/los-mejores-tours-privados-en-barcelona-guia-para-elegir-el-perfecto/","index, follow, max-image-preview:large, max-snippet:-1, max-video-preview:-1","https://metransfers.es/los-mejores-tours-privados-en-barcelona-guia-para-elegir-el-perfecto/","","si"
"inventario","https://metransfers.es/las-mejores-rutas-escenicas-desde-barcelona-descubre-cataluna-en-coche/","200","0","https://metransfers.es/las-mejores-rutas-escenicas-desde-barcelona-descubre-cataluna-en-coche/","index, follow, max-image-preview:large, max-snippet:-1, max-video-preview:-1","https://metransfers.es/las-mejores-rutas-escenicas-desde-barcelona-descubre-cataluna-en-coche/","","si"
"inventario","https://metransfers.es/como-elegir-el-mejor-servicio-de-traslado-para-eventos-especiales-en-barcelona/","200","0","https://metransfers.es/como-elegir-el-mejor-servicio-de-traslado-para-eventos-especiales-en-barcelona/","index, follow, max-image-preview:large, max-snippet:-1, max-video-preview:-1","https://metransfers.es/como-elegir-el-mejor-servicio-de-traslado-para-eventos-especiales-en-barcelona/","","si"
"inventario","https://metransfers.es/guia-completa-de-traslados-desde-el-aeropuerto-de-barcelona/","200","0","https://metransfers.es/guia-completa-de-traslados-desde-el-aeropuerto-de-barcelona/","index, follow, max-image-preview:large, max-snippet:-1, max-video-preview:-1","https://metransfers.es/guia-completa-de-traslados-desde-el-aeropuerto-de-barcelona/","","si"
"inventario","https://metransfers.es/10-consejos-para-elegir-el-mejor-servicio-de-traslado-en-barcelona/","200","0","https://metransfers.es/10-consejos-para-elegir-el-mejor-servicio-de-traslado-en-barcelona/","index, follow, max-image-preview:large, max-snippet:-1, max-video-preview:-1","https://metransfers.es/10-consejos-para-elegir-el-mejor-servicio-de-traslado-en-barcelona/","","si"
"inventario","https://metransfers.es/beneficios-de-usar-un-servicio-de-traslado-privado-en-barcelona/","200","0","https://metransfers.es/beneficios-de-usar-un-servicio-de-traslado-privado-en-barcelona/","index, follow, max-image-preview:large, max-snippet:-1, max-video-preview:-1","https://metransfers.es/beneficios-de-usar-un-servicio-de-traslado-privado-en-barcelona/","","si"
"inventario","https://metransfers.es/experiencias-unicas-tours-tematicos-en-barcelona/","200","0","https://metransfers.es/experiencias-unicas-tours-tematicos-en-barcelona/","index, follow, max-image-preview:large, max-snippet:-1, max-video-preview:-1","https://metransfers.es/experiencias-unicas-tours-tematicos-en-barcelona/","","si"
"inventario","https://metransfers.es/diferencias-entre-servicios-de-traslado-taxi-vs-transfer-privado-en-barcelona/","200","0","https://metransfers.es/diferencias-entre-servicios-de-traslado-taxi-vs-transfer-privado-en-barcelona/","index, follow, max-image-preview:large, max-snippet:-1, max-video-preview:-1","https://metransfers.es/diferencias-entre-servicios-de-traslado-taxi-vs-transfer-privado-en-barcelona/","","si"
"inventario","https://metransfers.es/","200","0","https://metransfers.es/","index, follow, max-image-preview:large, max-snippet:-1, max-video-preview:-1","https://metransfers.es/","","si"
"inventario","https://metransfers.es/preguntas-frecuentes/","200","0","https://metransfers.es/preguntas-frecuentes/","index, follow, max-image-preview:large, max-snippet:-1, max-video-preview:-1","https://metransfers.es/preguntas-frecuentes/","","si"
"inventario","https://metransfers.es/contacto/","200","0","https://metransfers.es/contacto/","index, follow, max-image-preview:large, max-snippet:-1, max-video-preview:-1","https://metransfers.es/contacto/","","si"
"inventario","https://metransfers.es/recuperar-el-iva-en-el-aeropuerto-2/","200","2","https://metransfers.es/beneficios-de-usar-un-servicio-de-traslado-privado-en-barcelona/","index, follow, max-image-preview:large, max-snippet:-1, max-video-preview:-1","https://metransfers.es/beneficios-de-usar-un-servicio-de-traslado-privado-en-barcelona/","","si"
"inventario","https://metransfers.es/aviso-legal/","200","0","https://metransfers.es/aviso-legal/","index, follow, max-image-preview:large, max-snippet:-1, max-video-preview:-1","https://metransfers.es/aviso-legal/","","si"
"inventario","https://metransfers.es/terminos-y-condiciones/","200","0","https://metransfers.es/terminos-y-condiciones/","index, follow, max-image-preview:large, max-snippet:-1, max-video-preview:-1","https://metransfers.es/terminos-y-condiciones/","","si"
"inventario","https://metransfers.es/politica-de-privacidad/","200","0","https://metransfers.es/politica-de-privacidad/","index, follow, max-image-preview:large, max-snippet:-1, max-video-preview:-1","https://metransfers.es/politica-de-privacidad/","","si"
"inventario","https://metransfers.es/politica-de-cookies/","200","0","https://metransfers.es/politica-de-cookies/","index, follow, max-image-preview:large, max-snippet:-1, max-video-preview:-1","https://metransfers.es/politica-de-cookies/","","si"
"inventario","https://metransfers.es/cookies/","200","1","https://metransfers.es/politica-de-cookies/","index, follow, max-image-preview:large, max-snippet:-1, max-video-preview:-1","https://metransfers.es/politica-de-cookies/","","si"
"inventario","https://metransfers.es/traslados-privados/","200","0","https://metransfers.es/traslados-privados/","index, follow, max-image-preview:large, max-snippet:-1, max-video-preview:-1","https://metransfers.es/traslados-privados/","","si"
"inventario","https://metransfers.es/sobre-nosotros/","200","0","https://metransfers.es/sobre-nosotros/","index, follow, max-image-preview:large, max-snippet:-1, max-video-preview:-1","https://metransfers.es/sobre-nosotros/","","si"
"inventario","https://metransfers.es/traslado-estacion-sants-barcelona/","200","0","https://metransfers.es/traslado-estacion-sants-barcelona/","index, follow, max-image-preview:large, max-snippet:-1, max-video-preview:-1","https://metransfers.es/traslado-estacion-sants-barcelona/","","si"
"inventario","https://metransfers.es/traslados-hoteles-barcelona/","200","0","https://metransfers.es/traslados-hoteles-barcelona/","index, follow, max-image-preview:large, max-snippet:-1, max-video-preview:-1","https://metransfers.es/traslados-hoteles-barcelona/","","si"
"inventario","https://metransfers.es/flota/","200","0","https://metransfers.es/flota/","index, follow, max-image-preview:large, max-snippet:-1, max-video-preview:-1","https://metransfers.es/flota/","","si"
"inventario","https://metransfers.es/traslados-puerto/","200","0","https://metransfers.es/traslados-puerto/","index, follow, max-image-preview:large, max-snippet:-1, max-video-preview:-1","https://metransfers.es/traslados-puerto/","","si"
"inventario","https://metransfers.es/transfer-aeropuerto-barcelona/","200","0","https://metransfers.es/transfer-aeropuerto-barcelona/","index, follow, max-image-preview:large, max-snippet:-1, max-video-preview:-1","https://metransfers.es/transfer-aeropuerto-barcelona/","","si"
"inventario","https://metransfers.es/chofer-por-horas/","200","0","https://metransfers.es/chofer-por-horas/","index, follow, max-image-preview:large, max-snippet:-1, max-video-preview:-1","https://metransfers.es/chofer-por-horas/","","si"
"inventario","https://metransfers.es/corporativo-y-eventos/","200","0","https://metransfers.es/corporativo-y-eventos/","index, follow, max-image-preview:large, max-snippet:-1, max-video-preview:-1","https://metransfers.es/corporativo-y-eventos/","","si"
"inventario","https://metransfers.es/grupos/","200","0","https://metransfers.es/grupos/","index, follow, max-image-preview:large, max-snippet:-1, max-video-preview:-1","https://metransfers.es/grupos/","","si"
"inventario","https://metransfers.es/tour-en-barcelona/","200","0","https://metransfers.es/tour-en-barcelona/","index, follow, max-image-preview:large, max-snippet:-1, max-video-preview:-1","https://metransfers.es/tour-en-barcelona/","","si"
"inventario","https://metransfers.es/tour-a-montserrat/","200","0","https://metransfers.es/tour-a-montserrat/","index, follow, max-image-preview:large, max-snippet:-1, max-video-preview:-1","https://metransfers.es/tour-a-montserrat/","","si"
"inventario","https://metransfers.es/tour-costa-brava/","200","0","https://metransfers.es/tour-costa-brava/","index, follow, max-image-preview:large, max-snippet:-1, max-video-preview:-1","https://metransfers.es/tour-costa-brava/","","si"
"inventario","https://metransfers.es/tour-a-girona/","200","0","https://metransfers.es/tour-a-girona/","index, follow, max-image-preview:large, max-snippet:-1, max-video-preview:-1","https://metransfers.es/tour-a-girona/","","si"
"inventario","https://metransfers.es/tours-privados/","200","0","https://metransfers.es/tours-privados/","index, follow, max-image-preview:large, max-snippet:-1, max-video-preview:-1","https://metransfers.es/tours-privados/","","si"
"inventario","https://metransfers.es/rutas/","200","0","https://metransfers.es/rutas/","index, follow, max-image-preview:large, max-snippet:-1, max-video-preview:-1","https://metransfers.es/rutas/","","si"
"inventario","https://metransfers.es/rutas/puerto-barcelona-sitges/","200","0","https://metransfers.es/rutas/puerto-barcelona-sitges/","index, follow, max-image-preview:large, max-snippet:-1, max-video-preview:-1","https://metransfers.es/rutas/puerto-barcelona-sitges/","","si"
"inventario","https://metransfers.es/rutas/puerto-barcelona-cambrils/","200","0","https://metransfers.es/rutas/puerto-barcelona-cambrils/","index, follow, max-image-preview:large, max-snippet:-1, max-video-preview:-1","https://metransfers.es/rutas/puerto-barcelona-cambrils/","","si"
"inventario","https://metransfers.es/rutas/barcelona-cambrils/","200","0","https://metransfers.es/rutas/barcelona-cambrils/","index, follow, max-image-preview:large, max-snippet:-1, max-video-preview:-1","https://metransfers.es/rutas/barcelona-cambrils/","","si"
"inventario","https://metransfers.es/rutas/aeropuerto-barcelona-cambrils/","200","0","https://metransfers.es/rutas/aeropuerto-barcelona-cambrils/","index, follow, max-image-preview:large, max-snippet:-1, max-video-preview:-1","https://metransfers.es/rutas/aeropuerto-barcelona-cambrils/","","si"
"inventario","https://metransfers.es/rutas/estacion-sants-tarragona/","200","0","https://metransfers.es/rutas/estacion-sants-tarragona/","index, follow, max-image-preview:large, max-snippet:-1, max-video-preview:-1","https://metransfers.es/rutas/estacion-sants-tarragona/","","si"
"inventario","https://metransfers.es/rutas/puerto-barcelona-tarragona/","200","0","https://metransfers.es/rutas/puerto-barcelona-tarragona/","index, follow, max-image-preview:large, max-snippet:-1, max-video-preview:-1","https://metransfers.es/rutas/puerto-barcelona-tarragona/","","si"
"inventario","https://metransfers.es/rutas/barcelona-tarragona/","200","0","https://metransfers.es/rutas/barcelona-tarragona/","index, follow, max-image-preview:large, max-snippet:-1, max-video-preview:-1","https://metransfers.es/rutas/barcelona-tarragona/","","si"
"inventario","https://metransfers.es/rutas/aeropuerto-barcelona-tarragona/","200","0","https://metransfers.es/rutas/aeropuerto-barcelona-tarragona/","index, follow, max-image-preview:large, max-snippet:-1, max-video-preview:-1","https://metransfers.es/rutas/aeropuerto-barcelona-tarragona/","","si"
"inventario","https://metransfers.es/rutas/estacion-sants-sitges/","200","0","https://metransfers.es/rutas/estacion-sants-sitges/","index, follow, max-image-preview:large, max-snippet:-1, max-video-preview:-1","https://metransfers.es/rutas/estacion-sants-sitges/","","si"
"inventario","https://metransfers.es/rutas/aeropuerto-barcelona-girona/","200","0","https://metransfers.es/rutas/aeropuerto-barcelona-girona/","index, follow, max-image-preview:large, max-snippet:-1, max-video-preview:-1","https://metransfers.es/rutas/aeropuerto-barcelona-girona/","","si"
"inventario","https://metransfers.es/rutas/barcelona-sitges/","200","0","https://metransfers.es/rutas/barcelona-sitges/","index, follow, max-image-preview:large, max-snippet:-1, max-video-preview:-1","https://metransfers.es/rutas/barcelona-sitges/","","si"
"inventario","https://metransfers.es/rutas/aeropuerto-barcelona-sitges/","200","0","https://metransfers.es/rutas/aeropuerto-barcelona-sitges/","index, follow, max-image-preview:large, max-snippet:-1, max-video-preview:-1","https://metransfers.es/rutas/aeropuerto-barcelona-sitges/","","si"
"inventario","https://metransfers.es/rutas/salou-portaventura/","200","0","https://metransfers.es/rutas/salou-portaventura/","index, follow, max-image-preview:large, max-snippet:-1, max-video-preview:-1","https://metransfers.es/rutas/salou-portaventura/","","si"
"inventario","https://metransfers.es/rutas/aeropuerto-reus-portaventura/","200","0","https://metransfers.es/rutas/aeropuerto-reus-portaventura/","index, follow, max-image-preview:large, max-snippet:-1, max-video-preview:-1","https://metransfers.es/rutas/aeropuerto-reus-portaventura/","","si"
"inventario","https://metransfers.es/rutas/aeropuerto-barcelona-portaventura/","200","0","https://metransfers.es/rutas/aeropuerto-barcelona-portaventura/","index, follow, max-image-preview:large, max-snippet:-1, max-video-preview:-1","https://metransfers.es/rutas/aeropuerto-barcelona-portaventura/","","si"
"inventario","https://metransfers.es/rutas/estacion-sants-salou/","200","0","https://metransfers.es/rutas/estacion-sants-salou/","index, follow, max-image-preview:large, max-snippet:-1, max-video-preview:-1","https://metransfers.es/rutas/estacion-sants-salou/","","si"
"inventario","https://metransfers.es/rutas/puerto-barcelona-salou/","200","0","https://metransfers.es/rutas/puerto-barcelona-salou/","index, follow, max-image-preview:large, max-snippet:-1, max-video-preview:-1","https://metransfers.es/rutas/puerto-barcelona-salou/","","si"
"inventario","https://metransfers.es/rutas/aeropuerto-girona-lloret-de-mar/","200","0","https://metransfers.es/rutas/aeropuerto-girona-lloret-de-mar/","index, follow, max-image-preview:large, max-snippet:-1, max-video-preview:-1","https://metransfers.es/rutas/aeropuerto-girona-lloret-de-mar/","","si"
"inventario","https://metransfers.es/rutas/barcelona-girona/","200","0","https://metransfers.es/rutas/barcelona-girona/","index, follow, max-image-preview:large, max-snippet:-1, max-video-preview:-1","https://metransfers.es/rutas/barcelona-girona/","","si"
"inventario","https://metransfers.es/rutas/estacion-sants-girona/","200","0","https://metransfers.es/rutas/estacion-sants-girona/","index, follow, max-image-preview:large, max-snippet:-1, max-video-preview:-1","https://metransfers.es/rutas/estacion-sants-girona/","","si"
"inventario","https://metransfers.es/rutas/aeropuerto-barcelona-tossa-de-mar/","200","0","https://metransfers.es/rutas/aeropuerto-barcelona-tossa-de-mar/","index, follow, max-image-preview:large, max-snippet:-1, max-video-preview:-1","https://metransfers.es/rutas/aeropuerto-barcelona-tossa-de-mar/","","si"
"inventario","https://metransfers.es/rutas/barcelona-tossa-de-mar/","200","0","https://metransfers.es/rutas/barcelona-tossa-de-mar/","index, follow, max-image-preview:large, max-snippet:-1, max-video-preview:-1","https://metransfers.es/rutas/barcelona-tossa-de-mar/","","si"
"inventario","https://metransfers.es/rutas/aeropuerto-barcelona-blanes/","200","0","https://metransfers.es/rutas/aeropuerto-barcelona-blanes/","index, follow, max-image-preview:large, max-snippet:-1, max-video-preview:-1","https://metransfers.es/rutas/aeropuerto-barcelona-blanes/","","si"
"inventario","https://metransfers.es/rutas/barcelona-blanes/","200","0","https://metransfers.es/rutas/barcelona-blanes/","index, follow, max-image-preview:large, max-snippet:-1, max-video-preview:-1","https://metransfers.es/rutas/barcelona-blanes/","","si"
"inventario","https://metransfers.es/rutas/aeropuerto-barcelona-calella/","200","0","https://metransfers.es/rutas/aeropuerto-barcelona-calella/","index, follow, max-image-preview:large, max-snippet:-1, max-video-preview:-1","https://metransfers.es/rutas/aeropuerto-barcelona-calella/","","si"
"inventario","https://metransfers.es/rutas/barcelona-calella/","200","0","https://metransfers.es/rutas/barcelona-calella/","index, follow, max-image-preview:large, max-snippet:-1, max-video-preview:-1","https://metransfers.es/rutas/barcelona-calella/","","si"
"inventario","https://metransfers.es/rutas/aeropuerto-barcelona-roses/","200","0","https://metransfers.es/rutas/aeropuerto-barcelona-roses/","index, follow, max-image-preview:large, max-snippet:-1, max-video-preview:-1","https://metransfers.es/rutas/aeropuerto-barcelona-roses/","","si"
"inventario","https://metransfers.es/rutas/barcelona-roses/","200","0","https://metransfers.es/rutas/barcelona-roses/","index, follow, max-image-preview:large, max-snippet:-1, max-video-preview:-1","https://metransfers.es/rutas/barcelona-roses/","","si"
"inventario","https://metransfers.es/rutas/aeropuerto-barcelona-cadaques/","200","0","https://metransfers.es/rutas/aeropuerto-barcelona-cadaques/","index, follow, max-image-preview:large, max-snippet:-1, max-video-preview:-1","https://metransfers.es/rutas/aeropuerto-barcelona-cadaques/","","si"
"inventario","https://metransfers.es/rutas/barcelona-cadaques/","200","0","https://metransfers.es/rutas/barcelona-cadaques/","index, follow, max-image-preview:large, max-snippet:-1, max-video-preview:-1","https://metransfers.es/rutas/barcelona-cadaques/","","si"
"inventario","https://metransfers.es/rutas/aeropuerto-barcelona-platja-daro/","200","0","https://metransfers.es/rutas/aeropuerto-barcelona-platja-daro/","index, follow, max-image-preview:large, max-snippet:-1, max-video-preview:-1","https://metransfers.es/rutas/aeropuerto-barcelona-platja-daro/","","si"
"inventario","https://metransfers.es/rutas/barcelona-platja-daro/","200","0","https://metransfers.es/rutas/barcelona-platja-daro/","index, follow, max-image-preview:large, max-snippet:-1, max-video-preview:-1","https://metransfers.es/rutas/barcelona-platja-daro/","","si"
"inventario","https://metransfers.es/rutas/aeropuerto-barcelona-andorra/","200","0","https://metransfers.es/rutas/aeropuerto-barcelona-andorra/","index, follow, max-image-preview:large, max-snippet:-1, max-video-preview:-1","https://metransfers.es/rutas/aeropuerto-barcelona-andorra/","","si"
"inventario","https://metransfers.es/rutas/barcelona-lloret-de-mar/","200","0","https://metransfers.es/rutas/barcelona-lloret-de-mar/","index, follow, max-image-preview:large, max-snippet:-1, max-video-preview:-1","https://metransfers.es/rutas/barcelona-lloret-de-mar/","","si"
"inventario","https://metransfers.es/rutas/aeropuerto-barcelona-lloret-de-mar/","200","0","https://metransfers.es/rutas/aeropuerto-barcelona-lloret-de-mar/","index, follow, max-image-preview:large, max-snippet:-1, max-video-preview:-1","https://metransfers.es/rutas/aeropuerto-barcelona-lloret-de-mar/","","si"
"inventario","https://metransfers.es/rutas/estacion-sants-lloret-de-mar/","200","0","https://metransfers.es/rutas/estacion-sants-lloret-de-mar/","index, follow, max-image-preview:large, max-snippet:-1, max-video-preview:-1","https://metransfers.es/rutas/estacion-sants-lloret-de-mar/","","si"
"inventario","https://metransfers.es/rutas/aeropuerto-barcelona-salou/","200","0","https://metransfers.es/rutas/aeropuerto-barcelona-salou/","index, follow, max-image-preview:large, max-snippet:-1, max-video-preview:-1","https://metransfers.es/rutas/aeropuerto-barcelona-salou/","","si"
"inventario","https://metransfers.es/rutas/aeropuerto-reus-salou/","200","0","https://metransfers.es/rutas/aeropuerto-reus-salou/","index, follow, max-image-preview:large, max-snippet:-1, max-video-preview:-1","https://metransfers.es/rutas/aeropuerto-reus-salou/","","si"
"inventario","https://metransfers.es/rutas/barcelona-salou/","200","0","https://metransfers.es/rutas/barcelona-salou/","index, follow, max-image-preview:large, max-snippet:-1, max-video-preview:-1","https://metransfers.es/rutas/barcelona-salou/","","si"
"inventario","https://metransfers.es/rutas/puerto-barcelona-lloret-de-mar/","200","0","https://metransfers.es/rutas/puerto-barcelona-lloret-de-mar/","index, follow, max-image-preview:large, max-snippet:-1, max-video-preview:-1","https://metransfers.es/rutas/puerto-barcelona-lloret-de-mar/","","si"
"inventario","https://metransfers.es/rutas/barcelona-andorra/","200","0","https://metransfers.es/rutas/barcelona-andorra/","index, follow, max-image-preview:large, max-snippet:-1, max-video-preview:-1","https://metransfers.es/rutas/barcelona-andorra/","","si"
"inventario","https://metransfers.es/rutas/aeropuerto-barcelona-montserrat/","200","0","https://metransfers.es/rutas/aeropuerto-barcelona-montserrat/","index, follow, max-image-preview:large, max-snippet:-1, max-video-preview:-1","https://metransfers.es/rutas/aeropuerto-barcelona-montserrat/","","si"
"inventario","https://metransfers.es/rutas/estacion-sants-andorra/","200","0","https://metransfers.es/rutas/estacion-sants-andorra/","index, follow, max-image-preview:large, max-snippet:-1, max-video-preview:-1","https://metransfers.es/rutas/estacion-sants-andorra/","","si"
"inventario","https://metransfers.es/rutas/barcelona-montserrat/","200","0","https://metransfers.es/rutas/barcelona-montserrat/","index, follow, max-image-preview:large, max-snippet:-1, max-video-preview:-1","https://metransfers.es/rutas/barcelona-montserrat/","","si"
"inventario","https://metransfers.es/rutas/aeropuerto-barcelona-reus/","200","0","https://metransfers.es/rutas/aeropuerto-barcelona-reus/","index, follow, max-image-preview:large, max-snippet:-1, max-video-preview:-1","https://metransfers.es/rutas/aeropuerto-barcelona-reus/","","si"
"inventario","https://metransfers.es/rutas/barcelona-reus/","200","0","https://metransfers.es/rutas/barcelona-reus/","index, follow, max-image-preview:large, max-snippet:-1, max-video-preview:-1","https://metransfers.es/rutas/barcelona-reus/","","si"
"inventario","https://metransfers.es/rutas/aeropuerto-barcelona-vilanova/","200","0","https://metransfers.es/rutas/aeropuerto-barcelona-vilanova/","index, follow, max-image-preview:large, max-snippet:-1, max-video-preview:-1","https://metransfers.es/rutas/aeropuerto-barcelona-vilanova/","","si"
"inventario","https://metransfers.es/rutas/barcelona-vilanova/","200","0","https://metransfers.es/rutas/barcelona-vilanova/","index, follow, max-image-preview:large, max-snippet:-1, max-video-preview:-1","https://metransfers.es/rutas/barcelona-vilanova/","","si"
"inventario","https://metransfers.es/rutas/aeropuerto-barcelona-calafell/","200","0","https://metransfers.es/rutas/aeropuerto-barcelona-calafell/","index, follow, max-image-preview:large, max-snippet:-1, max-video-preview:-1","https://metransfers.es/rutas/aeropuerto-barcelona-calafell/","","si"
"inventario","https://metransfers.es/rutas/barcelona-calafell/","200","0","https://metransfers.es/rutas/barcelona-calafell/","index, follow, max-image-preview:large, max-snippet:-1, max-video-preview:-1","https://metransfers.es/rutas/barcelona-calafell/","","si"
"inventario","https://metransfers.es/rutas/aeropuerto-barcelona-la-pineda/","200","0","https://metransfers.es/rutas/aeropuerto-barcelona-la-pineda/","index, follow, max-image-preview:large, max-snippet:-1, max-video-preview:-1","https://metransfers.es/rutas/aeropuerto-barcelona-la-pineda/","","si"
"inventario","https://metransfers.es/rutas/barcelona-la-pineda/","200","0","https://metransfers.es/rutas/barcelona-la-pineda/","index, follow, max-image-preview:large, max-snippet:-1, max-video-preview:-1","https://metransfers.es/rutas/barcelona-la-pineda/","","si"
"inventario","https://metransfers.es/rutas/barcelona-la-molina/","200","0","https://metransfers.es/rutas/barcelona-la-molina/","index, follow, max-image-preview:large, max-snippet:-1, max-video-preview:-1","https://metransfers.es/rutas/barcelona-la-molina/","","si"
"inventario","https://metransfers.es/rutas/aeropuerto-barcelona-la-molina/","200","0","https://metransfers.es/rutas/aeropuerto-barcelona-la-molina/","index, follow, max-image-preview:large, max-snippet:-1, max-video-preview:-1","https://metransfers.es/rutas/aeropuerto-barcelona-la-molina/","","si"
"inventario","https://metransfers.es/rutas/aeropuerto-barcelona-baqueira-beret/","200","0","https://metransfers.es/rutas/aeropuerto-barcelona-baqueira-beret/","index, follow, max-image-preview:large, max-snippet:-1, max-video-preview:-1","https://metransfers.es/rutas/aeropuerto-barcelona-baqueira-beret/","","si"
"inventario","https://metransfers.es/rutas/barcelona-baqueira-beret/","200","0","https://metransfers.es/rutas/barcelona-baqueira-beret/","index, follow, max-image-preview:large, max-snippet:-1, max-video-preview:-1","https://metransfers.es/rutas/barcelona-baqueira-beret/","","si"
"inventario","https://metransfers.es/rutas/barcelona-vielha/","200","0","https://metransfers.es/rutas/barcelona-vielha/","index, follow, max-image-preview:large, max-snippet:-1, max-video-preview:-1","https://metransfers.es/rutas/barcelona-vielha/","","si"
"inventario","https://metransfers.es/rutas/barcelona-portaventura/","200","0","https://metransfers.es/rutas/barcelona-portaventura/","index, follow, max-image-preview:large, max-snippet:-1, max-video-preview:-1","https://metransfers.es/rutas/barcelona-portaventura/","","si"
"inventario","https://metransfers.es/rutas/barcelona-costa-brava/","200","0","https://metransfers.es/rutas/barcelona-costa-brava/","index, follow, max-image-preview:large, max-snippet:-1, max-video-preview:-1","https://metransfers.es/rutas/barcelona-costa-brava/","","si"
"inventario","https://metransfers.es/rutas/barcelona-perpignan/","200","0","https://metransfers.es/rutas/barcelona-perpignan/","index, follow, max-image-preview:large, max-snippet:-1, max-video-preview:-1","https://metransfers.es/rutas/barcelona-perpignan/","","si"
"inventario","https://metransfers.es/rutas/barcelona-granollers/","200","0","https://metransfers.es/rutas/barcelona-granollers/","index, follow, max-image-preview:large, max-snippet:-1, max-video-preview:-1","https://metransfers.es/rutas/barcelona-granollers/","","si"
"inventario","https://metransfers.es/rutas/barcelona-mataro/","200","0","https://metransfers.es/rutas/barcelona-mataro/","index, follow, max-image-preview:large, max-snippet:-1, max-video-preview:-1","https://metransfers.es/rutas/barcelona-mataro/","","si"
"inventario","https://metransfers.es/rutas/barcelona-badalona/","200","0","https://metransfers.es/rutas/barcelona-badalona/","index, follow, max-image-preview:large, max-snippet:-1, max-video-preview:-1","https://metransfers.es/rutas/barcelona-badalona/","","si"
"inventario","https://metransfers.es/rutas/barcelona-hospitalet/","200","0","https://metransfers.es/rutas/barcelona-hospitalet/","index, follow, max-image-preview:large, max-snippet:-1, max-video-preview:-1","https://metransfers.es/rutas/barcelona-hospitalet/","","si"
"inventario","https://metransfers.es/rutas/barcelona-peniscola/","200","0","https://metransfers.es/rutas/barcelona-peniscola/","index, follow, max-image-preview:large, max-snippet:-1, max-video-preview:-1","https://metransfers.es/rutas/barcelona-peniscola/","","si"
"inventario","https://metransfers.es/rutas/barcelona-delta-del-ebro/","200","0","https://metransfers.es/rutas/barcelona-delta-del-ebro/","index, follow, max-image-preview:large, max-snippet:-1, max-video-preview:-1","https://metransfers.es/rutas/barcelona-delta-del-ebro/","","si"
"inventario","https://metransfers.es/rutas/barcelona-pineda-de-mar/","200","0","https://metransfers.es/rutas/barcelona-pineda-de-mar/","index, follow, max-image-preview:large, max-snippet:-1, max-video-preview:-1","https://metransfers.es/rutas/barcelona-pineda-de-mar/","","si"
"inventario","https://metransfers.es/rutas/barcelona-sevilla/","200","0","https://metransfers.es/rutas/barcelona-sevilla/","index, follow, max-image-preview:large, max-snippet:-1, max-video-preview:-1","https://metransfers.es/rutas/barcelona-sevilla/","","si"
"inventario","https://metransfers.es/rutas/barcelona-vigo/","200","0","https://metransfers.es/rutas/barcelona-vigo/","index, follow, max-image-preview:large, max-snippet:-1, max-video-preview:-1","https://metransfers.es/rutas/barcelona-vigo/","","si"
"inventario","https://metransfers.es/rutas/barcelona-benidorm/","200","0","https://metransfers.es/rutas/barcelona-benidorm/","index, follow, max-image-preview:large, max-snippet:-1, max-video-preview:-1","https://metransfers.es/rutas/barcelona-benidorm/","","si"
"inventario","https://metransfers.es/rutas/barcelona-bilbao/","200","0","https://metransfers.es/rutas/barcelona-bilbao/","index, follow, max-image-preview:large, max-snippet:-1, max-video-preview:-1","https://metransfers.es/rutas/barcelona-bilbao/","","si"
"inventario","https://metransfers.es/rutas/barcelona-san-sebastian/","200","0","https://metransfers.es/rutas/barcelona-san-sebastian/","index, follow, max-image-preview:large, max-snippet:-1, max-video-preview:-1","https://metransfers.es/rutas/barcelona-san-sebastian/","","si"
"inventario","https://metransfers.es/rutas/barcelona-malgrat/","200","0","https://metransfers.es/rutas/barcelona-malgrat/","index, follow, max-image-preview:large, max-snippet:-1, max-video-preview:-1","https://metransfers.es/rutas/barcelona-malgrat/","","si"
"inventario","https://metransfers.es/rutas/barcelona-granada/","200","0","https://metransfers.es/rutas/barcelona-granada/","index, follow, max-image-preview:large, max-snippet:-1, max-video-preview:-1","https://metransfers.es/rutas/barcelona-granada/","","si"
"inventario","https://metransfers.es/rutas/barcelona-valencia/","200","0","https://metransfers.es/rutas/barcelona-valencia/","index, follow, max-image-preview:large, max-snippet:-1, max-video-preview:-1","https://metransfers.es/rutas/barcelona-valencia/","","si"
"inventario","https://metransfers.es/rutas/barcelona-santiago-de-compostela/","200","0","https://metransfers.es/rutas/barcelona-santiago-de-compostela/","index, follow, max-image-preview:large, max-snippet:-1, max-video-preview:-1","https://metransfers.es/rutas/barcelona-santiago-de-compostela/","","si"
"inventario","https://metransfers.es/rutas/barcelona-lourdes/","200","0","https://metransfers.es/rutas/barcelona-lourdes/","index, follow, max-image-preview:large, max-snippet:-1, max-video-preview:-1","https://metransfers.es/rutas/barcelona-lourdes/","","si"
"inventario","https://metransfers.es/rutas/barcelona-vall-de-nuria/","200","0","https://metransfers.es/rutas/barcelona-vall-de-nuria/","index, follow, max-image-preview:large, max-snippet:-1, max-video-preview:-1","https://metransfers.es/rutas/barcelona-vall-de-nuria/","","si"
"inventario","https://metransfers.es/rutas/barcelona-almeria/","200","0","https://metransfers.es/rutas/barcelona-almeria/","index, follow, max-image-preview:large, max-snippet:-1, max-video-preview:-1","https://metransfers.es/rutas/barcelona-almeria/","","si"
"inventario","https://metransfers.es/rutas/barcelona-figueres/","200","0","https://metransfers.es/rutas/barcelona-figueres/","index, follow, max-image-preview:large, max-snippet:-1, max-video-preview:-1","https://metransfers.es/rutas/barcelona-figueres/","","si"
"inventario","https://metransfers.es/rutas/barcelona-camping-el-delfin-verde/","200","0","https://metransfers.es/rutas/barcelona-camping-el-delfin-verde/","index, follow, max-image-preview:large, max-snippet:-1, max-video-preview:-1","https://metransfers.es/rutas/barcelona-camping-el-delfin-verde/","","si"
"inventario","https://metransfers.es/rutas/barcelona-marbella/","200","0","https://metransfers.es/rutas/barcelona-marbella/","index, follow, max-image-preview:large, max-snippet:-1, max-video-preview:-1","https://metransfers.es/rutas/barcelona-marbella/","","si"
"inventario","https://metransfers.es/rutas/barcelona-santa-susanna/","200","0","https://metransfers.es/rutas/barcelona-santa-susanna/","index, follow, max-image-preview:large, max-snippet:-1, max-video-preview:-1","https://metransfers.es/rutas/barcelona-santa-susanna/","","si"
"inventario","https://metransfers.es/rutas/barcelona-begur/","200","0","https://metransfers.es/rutas/barcelona-begur/","index, follow, max-image-preview:large, max-snippet:-1, max-video-preview:-1","https://metransfers.es/rutas/barcelona-begur/","","si"
"inventario","https://metransfers.es/rutas/barcelona-calella-de-palafrugell/","200","0","https://metransfers.es/rutas/barcelona-calella-de-palafrugell/","index, follow, max-image-preview:large, max-snippet:-1, max-video-preview:-1","https://metransfers.es/rutas/barcelona-calella-de-palafrugell/","","si"
"inventario","https://metransfers.es/rutas/barcelona-cap-de-creus/","200","0","https://metransfers.es/rutas/barcelona-cap-de-creus/","index, follow, max-image-preview:large, max-snippet:-1, max-video-preview:-1","https://metransfers.es/rutas/barcelona-cap-de-creus/","","si"
"inventario","https://metransfers.es/rutas/barcelona-la-escala/","200","0","https://metransfers.es/rutas/barcelona-la-escala/","index, follow, max-image-preview:large, max-snippet:-1, max-video-preview:-1","https://metransfers.es/rutas/barcelona-la-escala/","","si"
"inventario","https://metransfers.es/rutas/barcelona-palamos/","200","0","https://metransfers.es/rutas/barcelona-palamos/","index, follow, max-image-preview:large, max-snippet:-1, max-video-preview:-1","https://metransfers.es/rutas/barcelona-palamos/","","si"
"inventario","https://metransfers.es/rutas/barcelona-taull/","200","0","https://metransfers.es/rutas/barcelona-taull/","index, follow, max-image-preview:large, max-snippet:-1, max-video-preview:-1","https://metransfers.es/rutas/barcelona-taull/","","si"
"inventario","https://metransfers.es/rutas/barcelona-madrid/","200","0","https://metransfers.es/rutas/barcelona-madrid/","index, follow, max-image-preview:large, max-snippet:-1, max-video-preview:-1","https://metransfers.es/rutas/barcelona-madrid/","","si"
"inventario","https://metransfers.es/rutas/barcelona-besalu/","200","0","https://metransfers.es/rutas/barcelona-besalu/","index, follow, max-image-preview:large, max-snippet:-1, max-video-preview:-1","https://metransfers.es/rutas/barcelona-besalu/","","si"
"inventario","https://metransfers.es/rutas/barcelona-morella/","200","0","https://metransfers.es/rutas/barcelona-morella/","index, follow, max-image-preview:large, max-snippet:-1, max-video-preview:-1","https://metransfers.es/rutas/barcelona-morella/","","si"
"inventario","https://metransfers.es/rutas/barcelona-altea/","200","0","https://metransfers.es/rutas/barcelona-altea/","index, follow, max-image-preview:large, max-snippet:-1, max-video-preview:-1","https://metransfers.es/rutas/barcelona-altea/","","si"
"inventario","https://metransfers.es/rutas/barcelona-valderrobres/","200","0","https://metransfers.es/rutas/barcelona-valderrobres/","index, follow, max-image-preview:large, max-snippet:-1, max-video-preview:-1","https://metransfers.es/rutas/barcelona-valderrobres/","","si"
"inventario","https://metransfers.es/rutas/barcelona-alquezar/","200","0","https://metransfers.es/rutas/barcelona-alquezar/","index, follow, max-image-preview:large, max-snippet:-1, max-video-preview:-1","https://metransfers.es/rutas/barcelona-alquezar/","","si"
"inventario","https://metransfers.es/rutas/barcelona-collioure/","200","0","https://metransfers.es/rutas/barcelona-collioure/","index, follow, max-image-preview:large, max-snippet:-1, max-video-preview:-1","https://metransfers.es/rutas/barcelona-collioure/","","si"
"inventario","https://metransfers.es/rutas/barcelona-carcassonne/","200","0","https://metransfers.es/rutas/barcelona-carcassonne/","index, follow, max-image-preview:large, max-snippet:-1, max-video-preview:-1","https://metransfers.es/rutas/barcelona-carcassonne/","","si"
"inventario","https://metransfers.es/category/taxi-en-barcelona/","200","0","https://metransfers.es/category/taxi-en-barcelona/","index, follow, max-image-preview:large, max-snippet:-1, max-video-preview:-1","https://metransfers.es/category/taxi-en-barcelona/","","si"
"inventario","https://metransfers.es/category/tours-desde-barcelona/","200","0","https://metransfers.es/category/tours-desde-barcelona/","index, follow, max-image-preview:large, max-snippet:-1, max-video-preview:-1","https://metransfers.es/category/tours-desde-barcelona/","","si"
"inventario","https://metransfers.es/category/traslados-desde-barcelona/","200","0","https://metransfers.es/category/traslados-desde-barcelona/","index, follow, max-image-preview:large, max-snippet:-1, max-video-preview:-1","https://metransfers.es/category/traslados-desde-barcelona/","","si"
"inventario","https://metransfers.es/transfer-privado-a-madrid/","200","1","https://metransfers.es/rutas/barcelona-madrid/","index, follow, max-image-preview:large, max-snippet:-1, max-video-preview:-1","https://metransfers.es/rutas/barcelona-madrid/","","no"
"inventario","https://metransfers.es/transfer-privado-a-tarragona/","200","1","https://metransfers.es/rutas/barcelona-tarragona/","index, follow, max-image-preview:large, max-snippet:-1, max-video-preview:-1","https://metransfers.es/rutas/barcelona-tarragona/","","no"
"inventario","https://metransfers.es/ebro-delta/","200","1","https://metransfers.es/rutas/barcelona-delta-del-ebro/","index, follow, max-image-preview:large, max-snippet:-1, max-video-preview:-1","https://metransfers.es/rutas/barcelona-delta-del-ebro/","","no"
"inventario","https://metransfers.es/taxis-barcelona-port-aventura/","200","1","https://metransfers.es/rutas/barcelona-portaventura/","index, follow, max-image-preview:large, max-snippet:-1, max-video-preview:-1","https://metransfers.es/rutas/barcelona-portaventura/","","no"
"inventario","https://metransfers.es/costa-brava-traslados/","200","1","https://metransfers.es/rutas/barcelona-costa-brava/","index, follow, max-image-preview:large, max-snippet:-1, max-video-preview:-1","https://metransfers.es/rutas/barcelona-costa-brava/","","no"
"inventario","https://metransfers.es/costa-brava-taxis/","200","1","https://metransfers.es/rutas/barcelona-costa-brava/","index, follow, max-image-preview:large, max-snippet:-1, max-video-preview:-1","https://metransfers.es/rutas/barcelona-costa-brava/","","no"
"inventario","https://metransfers.es/hospitalet-traslados/","200","1","https://metransfers.es/rutas/barcelona-hospitalet/","index, follow, max-image-preview:large, max-snippet:-1, max-video-preview:-1","https://metransfers.es/rutas/barcelona-hospitalet/","","no"
"inventario","https://metransfers.es/hospitalet-taxis/","200","1","https://metransfers.es/rutas/barcelona-hospitalet/","index, follow, max-image-preview:large, max-snippet:-1, max-video-preview:-1","https://metransfers.es/rutas/barcelona-hospitalet/","","no"
"inventario","https://metransfers.es/badalona-traslados/","200","1","https://metransfers.es/rutas/barcelona-badalona/","index, follow, max-image-preview:large, max-snippet:-1, max-video-preview:-1","https://metransfers.es/rutas/barcelona-badalona/","","no"
"inventario","https://metransfers.es/badalona-taxis/","200","1","https://metransfers.es/rutas/barcelona-badalona/","index, follow, max-image-preview:large, max-snippet:-1, max-video-preview:-1","https://metransfers.es/rutas/barcelona-badalona/","","no"
"inventario","https://metransfers.es/mataro-traslados/","200","1","https://metransfers.es/rutas/barcelona-mataro/","index, follow, max-image-preview:large, max-snippet:-1, max-video-preview:-1","https://metransfers.es/rutas/barcelona-mataro/","","no"
"inventario","https://metransfers.es/mataro-taxis/","200","1","https://metransfers.es/rutas/barcelona-mataro/","index, follow, max-image-preview:large, max-snippet:-1, max-video-preview:-1","https://metransfers.es/rutas/barcelona-mataro/","","no"
"inventario","https://metransfers.es/granollers-traslados/","200","1","https://metransfers.es/rutas/barcelona-granollers/","index, follow, max-image-preview:large, max-snippet:-1, max-video-preview:-1","https://metransfers.es/rutas/barcelona-granollers/","","no"
"inventario","https://metransfers.es/granollers-taxis/","200","1","https://metransfers.es/rutas/barcelona-granollers/","index, follow, max-image-preview:large, max-snippet:-1, max-video-preview:-1","https://metransfers.es/rutas/barcelona-granollers/","","no"
"inventario","https://metransfers.es/montserrat-traslados/","200","1","https://metransfers.es/rutas/barcelona-montserrat/","index, follow, max-image-preview:large, max-snippet:-1, max-video-preview:-1","https://metransfers.es/rutas/barcelona-montserrat/","","no"
"inventario","https://metransfers.es/montserrat-taxis/","200","1","https://metransfers.es/rutas/barcelona-montserrat/","index, follow, max-image-preview:large, max-snippet:-1, max-video-preview:-1","https://metransfers.es/rutas/barcelona-montserrat/","","no"
"inventario","https://metransfers.es/perpignan-traslados/","200","1","https://metransfers.es/rutas/barcelona-perpignan/","index, follow, max-image-preview:large, max-snippet:-1, max-video-preview:-1","https://metransfers.es/rutas/barcelona-perpignan/","","no"
"inventario","https://metransfers.es/perpignan-taxis/","200","1","https://metransfers.es/rutas/barcelona-perpignan/","index, follow, max-image-preview:large, max-snippet:-1, max-video-preview:-1","https://metransfers.es/rutas/barcelona-perpignan/","","no"
"inventario","https://metransfers.es/andorra-traslados/","200","1","https://metransfers.es/rutas/barcelona-andorra/","index, follow, max-image-preview:large, max-snippet:-1, max-video-preview:-1","https://metransfers.es/rutas/barcelona-andorra/","","no"
"inventario","https://metransfers.es/andorra-taxis/","200","1","https://metransfers.es/rutas/barcelona-andorra/","index, follow, max-image-preview:large, max-snippet:-1, max-video-preview:-1","https://metransfers.es/rutas/barcelona-andorra/","","no"
"inventario","https://metransfers.es/girona-traslados/","200","1","https://metransfers.es/rutas/barcelona-girona/","index, follow, max-image-preview:large, max-snippet:-1, max-video-preview:-1","https://metransfers.es/rutas/barcelona-girona/","","no"
"inventario","https://metransfers.es/girona-taxis/","200","1","https://metransfers.es/rutas/barcelona-girona/","index, follow, max-image-preview:large, max-snippet:-1, max-video-preview:-1","https://metransfers.es/rutas/barcelona-girona/","","no"
"inventario","https://metransfers.es/reus-traslados/","200","1","https://metransfers.es/rutas/barcelona-reus/","index, follow, max-image-preview:large, max-snippet:-1, max-video-preview:-1","https://metransfers.es/rutas/barcelona-reus/","","no"
"inventario","https://metransfers.es/reus-taxis/","200","1","https://metransfers.es/rutas/barcelona-reus/","index, follow, max-image-preview:large, max-snippet:-1, max-video-preview:-1","https://metransfers.es/rutas/barcelona-reus/","","no"
"inventario","https://metransfers.es/tarragona-traslados/","200","1","https://metransfers.es/rutas/barcelona-tarragona/","index, follow, max-image-preview:large, max-snippet:-1, max-video-preview:-1","https://metransfers.es/rutas/barcelona-tarragona/","","no"
"inventario","https://metransfers.es/tarragona-taxis/","200","1","https://metransfers.es/rutas/barcelona-tarragona/","index, follow, max-image-preview:large, max-snippet:-1, max-video-preview:-1","https://metransfers.es/rutas/barcelona-tarragona/","","no"
"inventario","https://metransfers.es/sitges-traslados/","200","1","https://metransfers.es/rutas/barcelona-sitges/","index, follow, max-image-preview:large, max-snippet:-1, max-video-preview:-1","https://metransfers.es/rutas/barcelona-sitges/","","no"
"inventario","https://metransfers.es/sitges-taxis/","200","1","https://metransfers.es/rutas/barcelona-sitges/","index, follow, max-image-preview:large, max-snippet:-1, max-video-preview:-1","https://metransfers.es/rutas/barcelona-sitges/","","no"
"inventario","https://metransfers.es/lloret-de-mar-traslados/","200","1","https://metransfers.es/rutas/barcelona-lloret-de-mar/","index, follow, max-image-preview:large, max-snippet:-1, max-video-preview:-1","https://metransfers.es/rutas/barcelona-lloret-de-mar/","","no"
"inventario","https://metransfers.es/lloret-de-mar-taxis/","200","1","https://metransfers.es/rutas/barcelona-lloret-de-mar/","index, follow, max-image-preview:large, max-snippet:-1, max-video-preview:-1","https://metransfers.es/rutas/barcelona-lloret-de-mar/","","no"
"inventario","https://metransfers.es/salou-traslados/","200","1","https://metransfers.es/rutas/barcelona-salou/","index, follow, max-image-preview:large, max-snippet:-1, max-video-preview:-1","https://metransfers.es/rutas/barcelona-salou/","","no"
"inventario","https://metransfers.es/salou-taxis/","200","1","https://metransfers.es/rutas/barcelona-salou/","index, follow, max-image-preview:large, max-snippet:-1, max-video-preview:-1","https://metransfers.es/rutas/barcelona-salou/","","no"
"inventario","https://metransfers.es/barcelona-traslados/","200","1","https://metransfers.es/traslados-privados/","index, follow, max-image-preview:large, max-snippet:-1, max-video-preview:-1","https://metransfers.es/traslados-privados/","","no"
"inventario","https://metransfers.es/barcelona-taxis/","200","1","https://metransfers.es/traslados-privados/","index, follow, max-image-preview:large, max-snippet:-1, max-video-preview:-1","https://metransfers.es/traslados-privados/","","no"
"inventario","https://metransfers.es/destinos/pineda-de-mar/","200","1","https://metransfers.es/rutas/barcelona-pineda-de-mar/","index, follow, max-image-preview:large, max-snippet:-1, max-video-preview:-1","https://metransfers.es/rutas/barcelona-pineda-de-mar/","","no"
"inventario","https://metransfers.es/destinos/portaventura/","200","1","https://metransfers.es/rutas/barcelona-portaventura/","index, follow, max-image-preview:large, max-snippet:-1, max-video-preview:-1","https://metransfers.es/rutas/barcelona-portaventura/","","no"
"inventario","https://metransfers.es/destinos/reus/","200","1","https://metransfers.es/rutas/barcelona-reus/","index, follow, max-image-preview:large, max-snippet:-1, max-video-preview:-1","https://metransfers.es/rutas/barcelona-reus/","","no"
"inventario","https://metransfers.es/destinos/sevilla/","200","1","https://metransfers.es/rutas/barcelona-sevilla/","index, follow, max-image-preview:large, max-snippet:-1, max-video-preview:-1","https://metransfers.es/rutas/barcelona-sevilla/","","no"
"inventario","https://metransfers.es/destinos/vigo/","200","1","https://metransfers.es/rutas/barcelona-vigo/","index, follow, max-image-preview:large, max-snippet:-1, max-video-preview:-1","https://metransfers.es/rutas/barcelona-vigo/","","no"
"inventario","https://metransfers.es/destinos/benidorm/","200","1","https://metransfers.es/rutas/barcelona-benidorm/","index, follow, max-image-preview:large, max-snippet:-1, max-video-preview:-1","https://metransfers.es/rutas/barcelona-benidorm/","","no"
"inventario","https://metransfers.es/destinos/bilbao/","200","1","https://metransfers.es/rutas/barcelona-bilbao/","index, follow, max-image-preview:large, max-snippet:-1, max-video-preview:-1","https://metransfers.es/rutas/barcelona-bilbao/","","no"
"inventario","https://metransfers.es/destinos/san-sebastian/","200","1","https://metransfers.es/rutas/barcelona-san-sebastian/","index, follow, max-image-preview:large, max-snippet:-1, max-video-preview:-1","https://metransfers.es/rutas/barcelona-san-sebastian/","","no"
"inventario","https://metransfers.es/destinos/malgrat/","200","1","https://metransfers.es/rutas/barcelona-malgrat/","index, follow, max-image-preview:large, max-snippet:-1, max-video-preview:-1","https://metransfers.es/rutas/barcelona-malgrat/","","no"
"inventario","https://metransfers.es/destinos/andorra/","200","1","https://metransfers.es/rutas/barcelona-andorra/","index, follow, max-image-preview:large, max-snippet:-1, max-video-preview:-1","https://metransfers.es/rutas/barcelona-andorra/","","no"
"inventario","https://metransfers.es/destinos/granada/","200","1","https://metransfers.es/rutas/barcelona-granada/","index, follow, max-image-preview:large, max-snippet:-1, max-video-preview:-1","https://metransfers.es/rutas/barcelona-granada/","","no"
"inventario","https://metransfers.es/destinos/valencia/","200","1","https://metransfers.es/rutas/barcelona-valencia/","index, follow, max-image-preview:large, max-snippet:-1, max-video-preview:-1","https://metransfers.es/rutas/barcelona-valencia/","","no"
"inventario","https://metransfers.es/destinos/santiago-de-compostela/","200","1","https://metransfers.es/rutas/barcelona-santiago-de-compostela/","index, follow, max-image-preview:large, max-snippet:-1, max-video-preview:-1","https://metransfers.es/rutas/barcelona-santiago-de-compostela/","","no"
"inventario","https://metransfers.es/destinos/lourdes/","200","1","https://metransfers.es/rutas/barcelona-lourdes/","index, follow, max-image-preview:large, max-snippet:-1, max-video-preview:-1","https://metransfers.es/rutas/barcelona-lourdes/","","no"
"inventario","https://metransfers.es/destinos/cambrils/","200","1","https://metransfers.es/rutas/barcelona-cambrils/","index, follow, max-image-preview:large, max-snippet:-1, max-video-preview:-1","https://metransfers.es/rutas/barcelona-cambrils/","","no"
"inventario","https://metransfers.es/destinos/calella/","200","1","https://metransfers.es/rutas/barcelona-calella/","index, follow, max-image-preview:large, max-snippet:-1, max-video-preview:-1","https://metransfers.es/rutas/barcelona-calella/","","no"
"inventario","https://metransfers.es/destinos/vall-de-nuria/","200","1","https://metransfers.es/rutas/barcelona-vall-de-nuria/","index, follow, max-image-preview:large, max-snippet:-1, max-video-preview:-1","https://metransfers.es/rutas/barcelona-vall-de-nuria/","","no"
"inventario","https://metransfers.es/destinos/sitges/","200","1","https://metransfers.es/rutas/barcelona-sitges/","index, follow, max-image-preview:large, max-snippet:-1, max-video-preview:-1","https://metransfers.es/rutas/barcelona-sitges/","","no"
"inventario","https://metransfers.es/destinos/almeria/","200","1","https://metransfers.es/rutas/barcelona-almeria/","index, follow, max-image-preview:large, max-snippet:-1, max-video-preview:-1","https://metransfers.es/rutas/barcelona-almeria/","","no"
"inventario","https://metransfers.es/destinos/figueres/","200","1","https://metransfers.es/rutas/barcelona-figueres/","index, follow, max-image-preview:large, max-snippet:-1, max-video-preview:-1","https://metransfers.es/rutas/barcelona-figueres/","","no"
"inventario","https://metransfers.es/destinos/perpignan/","200","1","https://metransfers.es/rutas/barcelona-perpignan/","index, follow, max-image-preview:large, max-snippet:-1, max-video-preview:-1","https://metransfers.es/rutas/barcelona-perpignan/","","no"
"inventario","https://metransfers.es/destinos/tarragona/","200","1","https://metransfers.es/rutas/barcelona-tarragona/","index, follow, max-image-preview:large, max-snippet:-1, max-video-preview:-1","https://metransfers.es/rutas/barcelona-tarragona/","","no"
"inventario","https://metransfers.es/destinos/camping-el-delfin-verde/","200","1","https://metransfers.es/rutas/barcelona-camping-el-delfin-verde/","index, follow, max-image-preview:large, max-snippet:-1, max-video-preview:-1","https://metransfers.es/rutas/barcelona-camping-el-delfin-verde/","","no"
"inventario","https://metransfers.es/destinos/roses/","200","1","https://metransfers.es/rutas/barcelona-roses/","index, follow, max-image-preview:large, max-snippet:-1, max-video-preview:-1","https://metransfers.es/rutas/barcelona-roses/","","no"
"inventario","https://metransfers.es/destinos/marbella/","200","1","https://metransfers.es/rutas/barcelona-marbella/","index, follow, max-image-preview:large, max-snippet:-1, max-video-preview:-1","https://metransfers.es/rutas/barcelona-marbella/","","no"
"inventario","https://metransfers.es/destinos/cadaques/","200","1","https://metransfers.es/rutas/barcelona-cadaques/","index, follow, max-image-preview:large, max-snippet:-1, max-video-preview:-1","https://metransfers.es/rutas/barcelona-cadaques/","","no"
"inventario","https://metransfers.es/destinos/santa-susanna/","200","1","https://metransfers.es/rutas/barcelona-santa-susanna/","index, follow, max-image-preview:large, max-snippet:-1, max-video-preview:-1","https://metransfers.es/rutas/barcelona-santa-susanna/","","no"
"inventario","https://metransfers.es/destinos/costa-brava/","200","1","https://metransfers.es/rutas/barcelona-costa-brava/","index, follow, max-image-preview:large, max-snippet:-1, max-video-preview:-1","https://metransfers.es/rutas/barcelona-costa-brava/","","no"
"inventario","https://metransfers.es/destinos/begur/","200","1","https://metransfers.es/rutas/barcelona-begur/","index, follow, max-image-preview:large, max-snippet:-1, max-video-preview:-1","https://metransfers.es/rutas/barcelona-begur/","","no"
"inventario","https://metransfers.es/destinos/calella-de-palafrugell/","200","1","https://metransfers.es/rutas/barcelona-calella-de-palafrugell/","index, follow, max-image-preview:large, max-snippet:-1, max-video-preview:-1","https://metransfers.es/rutas/barcelona-calella-de-palafrugell/","","no"
"inventario","https://metransfers.es/destinos/cap-de-creus/","200","1","https://metransfers.es/rutas/barcelona-cap-de-creus/","index, follow, max-image-preview:large, max-snippet:-1, max-video-preview:-1","https://metransfers.es/rutas/barcelona-cap-de-creus/","","no"
"inventario","https://metransfers.es/destinos/la-escala/","200","1","https://metransfers.es/rutas/barcelona-la-escala/","index, follow, max-image-preview:large, max-snippet:-1, max-video-preview:-1","https://metransfers.es/rutas/barcelona-la-escala/","","no"
"inventario","https://metransfers.es/destinos/tossa-de-mar/","200","1","https://metransfers.es/rutas/barcelona-tossa-de-mar/","index, follow, max-image-preview:large, max-snippet:-1, max-video-preview:-1","https://metransfers.es/rutas/barcelona-tossa-de-mar/","","no"
"inventario","https://metransfers.es/destinos/baqueira-beret/","200","1","https://metransfers.es/rutas/barcelona-baqueira-beret/","index, follow, max-image-preview:large, max-snippet:-1, max-video-preview:-1","https://metransfers.es/rutas/barcelona-baqueira-beret/","","no"
"inventario","https://metransfers.es/destinos/palamos/","200","1","https://metransfers.es/rutas/barcelona-palamos/","index, follow, max-image-preview:large, max-snippet:-1, max-video-preview:-1","https://metransfers.es/rutas/barcelona-palamos/","","no"
"inventario","https://metransfers.es/destinos/madrid/","200","1","https://metransfers.es/rutas/barcelona-madrid/","index, follow, max-image-preview:large, max-snippet:-1, max-video-preview:-1","https://metransfers.es/rutas/barcelona-madrid/","","no"
"inventario","https://metransfers.es/destinos/lloret-de-mar/","200","1","https://metransfers.es/rutas/barcelona-lloret-de-mar/","index, follow, max-image-preview:large, max-snippet:-1, max-video-preview:-1","https://metransfers.es/rutas/barcelona-lloret-de-mar/","","no"
"inventario","https://metransfers.es/destinos/salou/","200","1","https://metransfers.es/rutas/barcelona-salou/","index, follow, max-image-preview:large, max-snippet:-1, max-video-preview:-1","https://metransfers.es/rutas/barcelona-salou/","","no"
"inventario","https://metransfers.es/gracias/","200","0","https://metransfers.es/gracias/","noindex, follow","","","no"
"inventario","https://metransfers.es/reservaciones/","200","0","https://metransfers.es/reservaciones/","noindex, follow","","","no"
"inventario","https://metransfers.es/reservas-hotel/","200","0","https://metransfers.es/reservas-hotel/","noindex, follow","","","no"
"inventario","https://metransfers.es/pago/","200","0","https://metransfers.es/pago/","noindex, follow","","","no"
"inventario","https://metransfers.es/seleccionar-vehiculo/","200","0","https://metransfers.es/seleccionar-vehiculo/","noindex, follow","","","no"
"inventario","https://metransfers.es/reservas-metransfers/","200","0","https://metransfers.es/reservas-metransfers/","noindex, follow","","","no"
"inventario","https://metransfers.es/traslados-aeropuerto/","200","1","https://metransfers.es/transfer-aeropuerto-barcelona/","index, follow, max-image-preview:large, max-snippet:-1, max-video-preview:-1","https://metransfers.es/transfer-aeropuerto-barcelona/","","no"
"inventario","https://metransfers.es/en/","200","0","https://metransfers.es/en/","noindex, follow","","","no"
"inventario","https://metransfers.es/en/rutas/","200","0","https://metransfers.es/en/rutas/","noindex, follow","","","no"
"inventario","https://metransfers.es/en/blog/","200","0","https://metransfers.es/en/blog/","noindex, follow","","","no"
"inventario","https://metransfers.es/en/reservaciones/","200","0","https://metransfers.es/en/reservaciones/","noindex, follow","","","no"
"inventario","https://metransfers.es/en/taxi-en-barcelona-servicio-rapido-seguro-y-24-horas/","200","0","https://metransfers.es/en/taxi-en-barcelona-servicio-rapido-seguro-y-24-horas/","noindex, follow","","","no"
"inventario","https://metransfers.es/en/taxi-desde-el-aeropuerto-de-barcelona-el-prat-evita-colas-y-esperas/","200","0","https://metransfers.es/en/taxi-desde-el-aeropuerto-de-barcelona-el-prat-evita-colas-y-esperas/","noindex, follow","","","no"
"inventario","https://metransfers.es/en/taxi-de-barcelona-a-zaragoza-confort-y-puntualidad/","200","0","https://metransfers.es/en/taxi-de-barcelona-a-zaragoza-confort-y-puntualidad/","noindex, follow","","","no"
"inventario","https://metransfers.es/en/reserva-tu-taxi-en-barcelona-tarifas-y-consejos/","200","0","https://metransfers.es/en/reserva-tu-taxi-en-barcelona-tarifas-y-consejos/","noindex, follow","","","no"
"inventario","https://metransfers.es/en/tour-gastronomico-por-barcelona-sabores-de-cataluna/","200","0","https://metransfers.es/en/tour-gastronomico-por-barcelona-sabores-de-cataluna/","noindex, follow","","","no"
"inventario","https://metransfers.es/en/taxi-de-larga-distancia-desde-barcelona-a-madrid/","200","0","https://metransfers.es/en/taxi-de-larga-distancia-desde-barcelona-a-madrid/","noindex, follow","","","no"
"inventario","https://metransfers.es/en/taxi-privado-desde-barcelona-a-valencia-viaje-directo/","200","0","https://metransfers.es/en/taxi-privado-desde-barcelona-a-valencia-viaje-directo/","noindex, follow","","","no"
"inventario","https://metransfers.es/en/como-pedir-un-taxi-en-el-puerto-de-cruceros-de-barcelona/","200","0","https://metransfers.es/en/como-pedir-un-taxi-en-el-puerto-de-cruceros-de-barcelona/","noindex, follow","","","no"
"inventario","https://metransfers.es/en/guia-completa-traslados-a-sitges-disfruta-del-paseo-maritimo-con-un-chofer-a-tu-disposicion-4640/","200","0","https://metransfers.es/en/guia-completa-traslados-a-sitges-disfruta-del-paseo-maritimo-con-un-chofer-a-tu-disposicion-4640/","noindex, follow","","","no"
"inventario","https://metransfers.es/en/como-escoger-el-mejor-servicio-de-transfer-en-barcelona-guia-completa/","200","0","https://metransfers.es/en/como-escoger-el-mejor-servicio-de-transfer-en-barcelona-guia-completa/","noindex, follow","","","no"
"inventario","https://metransfers.es/en/traslado-privado-de-barcelona-a-madrid/","200","0","https://metransfers.es/en/traslado-privado-de-barcelona-a-madrid/","noindex, follow","","","no"
"inventario","https://metransfers.es/en/traslado-barcelona-a-valencia-en-coche-privado/","200","0","https://metransfers.es/en/traslado-barcelona-a-valencia-en-coche-privado/","noindex, follow","","","no"
"inventario","https://metransfers.es/en/transfer-privado-barcelona-a-sevilla/","200","0","https://metransfers.es/en/transfer-privado-barcelona-a-sevilla/","noindex, follow","","","no"
"inventario","https://metransfers.es/en/traslado-barcelona-a-malaga-con-conductor-privado/","200","0","https://metransfers.es/en/traslado-barcelona-a-malaga-con-conductor-privado/","noindex, follow","","","no"
"inventario","https://metransfers.es/en/transfer-barcelona-a-zaragoza/","200","0","https://metransfers.es/en/transfer-barcelona-a-zaragoza/","noindex, follow","","","no"
"inventario","https://metransfers.es/en/traslado-privado-barcelona-a-bilbao/","200","0","https://metransfers.es/en/traslado-privado-barcelona-a-bilbao/","noindex, follow","","","no"
"inventario","https://metransfers.es/en/transfer-privado-barcelona-a-san-sebastian/","200","0","https://metransfers.es/en/transfer-privado-barcelona-a-san-sebastian/","noindex, follow","","","no"
"inventario","https://metransfers.es/en/traslado-barcelona-a-granada/","200","0","https://metransfers.es/en/traslado-barcelona-a-granada/","noindex, follow","","","no"
"inventario","https://metransfers.es/en/transfer-barcelona-a-pamplona/","200","0","https://metransfers.es/en/transfer-barcelona-a-pamplona/","noindex, follow","","","no"
"inventario","https://metransfers.es/en/traslado-privado-barcelona-a-alicante/","200","0","https://metransfers.es/en/traslado-privado-barcelona-a-alicante/","noindex, follow","","","no"
"inventario","https://metransfers.es/en/traslado-barcelona-a-tarragona/","200","0","https://metransfers.es/en/traslado-barcelona-a-tarragona/","noindex, follow","","","no"
"inventario","https://metransfers.es/en/transfer-privado-barcelona-a-girona/","200","0","https://metransfers.es/en/transfer-privado-barcelona-a-girona/","noindex, follow","","","no"
"inventario","https://metransfers.es/en/transfer-barcelona-a-portaventura/","200","0","https://metransfers.es/en/transfer-barcelona-a-portaventura/","noindex, follow","","","no"
"inventario","https://metransfers.es/en/traslado-barcelona-a-montserrat/","200","0","https://metransfers.es/en/traslado-barcelona-a-montserrat/","noindex, follow","","","no"
"inventario","https://metransfers.es/en/transfer-privado-barcelona-a-costa-dorada/","200","0","https://metransfers.es/en/transfer-privado-barcelona-a-costa-dorada/","noindex, follow","","","no"
"inventario","https://metransfers.es/en/traslado-barcelona-a-costa-brava/","200","0","https://metransfers.es/en/traslado-barcelona-a-costa-brava/","noindex, follow","","","no"
"inventario","https://metransfers.es/en/transfer-privado-barcelona-a-andorra/","200","0","https://metransfers.es/en/transfer-privado-barcelona-a-andorra/","noindex, follow","","","no"
"inventario","https://metransfers.es/en/traslado-barcelona-a-lloret-de-mar/","200","0","https://metransfers.es/en/traslado-barcelona-a-lloret-de-mar/","noindex, follow","","","no"
"inventario","https://metransfers.es/en/transfer-barcelona-a-cadaques/","200","0","https://metransfers.es/en/transfer-barcelona-a-cadaques/","noindex, follow","","","no"
"inventario","https://metransfers.es/en/traslado-privado-barcelona-a-figueres/","200","0","https://metransfers.es/en/traslado-privado-barcelona-a-figueres/","noindex, follow","","","no"
"inventario","https://metransfers.es/en/transfer-barcelona-a-reus/","200","0","https://metransfers.es/en/transfer-barcelona-a-reus/","noindex, follow","","","no"
"inventario","https://metransfers.es/en/traslado-privado-barcelona-a-lleida/","200","0","https://metransfers.es/en/traslado-privado-barcelona-a-lleida/","noindex, follow","","","no"
"inventario","https://metransfers.es/en/transfer-privado-barcelona-a-blanes/","200","0","https://metransfers.es/en/transfer-privado-barcelona-a-blanes/","noindex, follow","","","no"
"inventario","https://metransfers.es/en/traslado-barcelona-a-tossa-de-mar/","200","0","https://metransfers.es/en/traslado-barcelona-a-tossa-de-mar/","noindex, follow","","","no"
"inventario","https://metransfers.es/en/transfer-barcelona-a-perpinan/","200","0","https://metransfers.es/en/transfer-barcelona-a-perpinan/","noindex, follow","","","no"
"inventario","https://metransfers.es/en/traslado-privado-barcelona-a-montpellier/","200","0","https://metransfers.es/en/traslado-privado-barcelona-a-montpellier/","noindex, follow","","","no"
"inventario","https://metransfers.es/en/transfer-privado-barcelona-a-niza/","200","0","https://metransfers.es/en/transfer-privado-barcelona-a-niza/","noindex, follow","","","no"
"inventario","https://metransfers.es/en/traslado-privado-barcelona-a-marsella/","200","0","https://metransfers.es/en/traslado-privado-barcelona-a-marsella/","noindex, follow","","","no"
"inventario","https://metransfers.es/en/transfer-barcelona-a-lyon/","200","0","https://metransfers.es/en/transfer-barcelona-a-lyon/","noindex, follow","","","no"
"inventario","https://metransfers.es/en/traslado-privado-barcelona-a-lisboa/","200","0","https://metransfers.es/en/traslado-privado-barcelona-a-lisboa/","noindex, follow","","","no"
"inventario","https://metransfers.es/en/transfer-privado-barcelona-a-oporto/","200","0","https://metransfers.es/en/transfer-privado-barcelona-a-oporto/","noindex, follow","","","no"
"inventario","https://metransfers.es/en/traslado-barcelona-a-monaco/","200","0","https://metransfers.es/en/traslado-barcelona-a-monaco/","noindex, follow","","","no"
"inventario","https://metransfers.es/en/transfer-privado-barcelona-a-milan/","200","0","https://metransfers.es/en/transfer-privado-barcelona-a-milan/","noindex, follow","","","no"
"inventario","https://metransfers.es/en/traslado-privado-barcelona-a-ginebra/","200","0","https://metransfers.es/en/traslado-privado-barcelona-a-ginebra/","noindex, follow","","","no"
"inventario","https://metransfers.es/en/transfer-privado-barcelona-a-toulouse/","200","0","https://metransfers.es/en/transfer-privado-barcelona-a-toulouse/","noindex, follow","","","no"
"inventario","https://metransfers.es/en/traslado-privado-barcelona-a-burdeos/","200","0","https://metransfers.es/en/traslado-privado-barcelona-a-burdeos/","noindex, follow","","","no"
"inventario","https://metransfers.es/en/transfer-privado-barcelona-a-munich/","200","0","https://metransfers.es/en/transfer-privado-barcelona-a-munich/","noindex, follow","","","no"
"inventario","https://metransfers.es/en/traslado-privado-aeropuerto-el-prat-a-barcelona/","200","0","https://metransfers.es/en/traslado-privado-aeropuerto-el-prat-a-barcelona/","noindex, follow","","","no"
"inventario","https://metransfers.es/en/transfer-privado-puerto-de-cruceros-barcelona/","200","0","https://metransfers.es/en/transfer-privado-puerto-de-cruceros-barcelona/","noindex, follow","","","no"
"inventario","https://metransfers.es/en/conductor-por-horas-en-barcelona/","200","0","https://metransfers.es/en/conductor-por-horas-en-barcelona/","noindex, follow","","","no"
"inventario","https://metransfers.es/en/tour-privado-gaudi-en-barcelona/","200","0","https://metransfers.es/en/tour-privado-gaudi-en-barcelona/","noindex, follow","","","no"
"inventario","https://metransfers.es/en/tour-panoramico-barcelona-en-coche-privado/","200","0","https://metransfers.es/en/tour-panoramico-barcelona-en-coche-privado/","noindex, follow","","","no"
"inventario","https://metransfers.es/en/traslado-privado-barcelona-a-penedes/","200","0","https://metransfers.es/en/traslado-privado-barcelona-a-penedes/","noindex, follow","","","no"
"inventario","https://metransfers.es/en/transfer-privado-barcelona-a-puigcerda/","200","0","https://metransfers.es/en/transfer-privado-barcelona-a-puigcerda/","noindex, follow","","","no"
"inventario","https://metransfers.es/en/traslado-privado-barcelona-a-la-molina/","200","0","https://metransfers.es/en/traslado-privado-barcelona-a-la-molina/","noindex, follow","","","no"
"inventario","https://metransfers.es/en/transfer-barcelona-a-san-sebastian-donostia/","200","0","https://metransfers.es/en/transfer-barcelona-a-san-sebastian-donostia/","noindex, follow","","","no"
"inventario","https://metransfers.es/en/traslado-privado-barcelona-a-cordoba/","200","0","https://metransfers.es/en/traslado-privado-barcelona-a-cordoba/","noindex, follow","","","no"
"inventario","https://metransfers.es/en/transfer-barcelona-a-toledo/","200","0","https://metransfers.es/en/transfer-barcelona-a-toledo/","noindex, follow","","","no"
"inventario","https://metransfers.es/en/traslado-barcelona-a-la-costa-del-sol/","200","0","https://metransfers.es/en/traslado-barcelona-a-la-costa-del-sol/","noindex, follow","","","no"
"inventario","https://metransfers.es/en/transfer-privado-barcelona-a-delta-del-ebro/","200","0","https://metransfers.es/en/transfer-privado-barcelona-a-delta-del-ebro/","noindex, follow","","","no"
"inventario","https://metransfers.es/en/traslado-privado-barcelona-a-begur/","200","0","https://metransfers.es/en/traslado-privado-barcelona-a-begur/","noindex, follow","","","no"
"inventario","https://metransfers.es/en/transfer-privado-barcelona-a-palafrugell/","200","0","https://metransfers.es/en/transfer-privado-barcelona-a-palafrugell/","noindex, follow","","","no"
"inventario","https://metransfers.es/en/traslado-privado-barcelona-a-lestartit/","200","0","https://metransfers.es/en/traslado-privado-barcelona-a-lestartit/","noindex, follow","","","no"
"inventario","https://metransfers.es/en/transfer-barcelona-a-empuriabrava/","200","0","https://metransfers.es/en/transfer-barcelona-a-empuriabrava/","noindex, follow","","","no"
"inventario","https://metransfers.es/en/traslado-privado-barcelona-a-roses/","200","0","https://metransfers.es/en/traslado-privado-barcelona-a-roses/","noindex, follow","","","no"
"inventario","https://metransfers.es/en/transfer-barcelona-a-lescala/","200","0","https://metransfers.es/en/transfer-barcelona-a-lescala/","noindex, follow","","","no"
"inventario","https://metransfers.es/en/traslado-privado-barcelona-a-palamos/","200","0","https://metransfers.es/en/traslado-privado-barcelona-a-palamos/","noindex, follow","","","no"
"inventario","https://metransfers.es/en/transfer-barcelona-a-sant-feliu-de-guixols/","200","0","https://metransfers.es/en/transfer-barcelona-a-sant-feliu-de-guixols/","noindex, follow","","","no"
"inventario","https://metransfers.es/en/traslado-privado-barcelona-a-platja-daro/","200","0","https://metransfers.es/en/traslado-privado-barcelona-a-platja-daro/","noindex, follow","","","no"
"inventario","https://metransfers.es/en/transfer-privado-barcelona-a-tortosa/","200","0","https://metransfers.es/en/transfer-privado-barcelona-a-tortosa/","noindex, follow","","","no"
"inventario","https://metransfers.es/en/traslado-privado-barcelona-a-montblanc/","200","0","https://metransfers.es/en/traslado-privado-barcelona-a-montblanc/","noindex, follow","","","no"
"inventario","https://metransfers.es/en/transfer-privado-barcelona-a-mataro/","200","0","https://metransfers.es/en/transfer-privado-barcelona-a-mataro/","noindex, follow","","","no"
"inventario","https://metransfers.es/en/traslado-privado-barcelona-a-vic/","200","0","https://metransfers.es/en/traslado-privado-barcelona-a-vic/","noindex, follow","","","no"
"inventario","https://metransfers.es/en/transfer-privado-barcelona-a-berga/","200","0","https://metransfers.es/en/transfer-privado-barcelona-a-berga/","noindex, follow","","","no"
"inventario","https://metransfers.es/en/traslado-privado-barcelona-a-manresa/","200","0","https://metransfers.es/en/traslado-privado-barcelona-a-manresa/","noindex, follow","","","no"
"inventario","https://metransfers.es/en/transfer-privado-barcelona-a-terrassa/","200","0","https://metransfers.es/en/transfer-privado-barcelona-a-terrassa/","noindex, follow","","","no"
"inventario","https://metransfers.es/en/traslado-privado-barcelona-a-sabadell/","200","0","https://metransfers.es/en/traslado-privado-barcelona-a-sabadell/","noindex, follow","","","no"
"inventario","https://metransfers.es/en/transfer-privado-barcelona-a-igualada/","200","0","https://metransfers.es/en/transfer-privado-barcelona-a-igualada/","noindex, follow","","","no"
"inventario","https://metransfers.es/en/traslado-privado-barcelona-a-granollers/","200","0","https://metransfers.es/en/traslado-privado-barcelona-a-granollers/","noindex, follow","","","no"
"inventario","https://metransfers.es/en/transfer-privado-barcelona-a-martorell/","200","0","https://metransfers.es/en/transfer-privado-barcelona-a-martorell/","noindex, follow","","","no"
"inventario","https://metransfers.es/en/traslado-privado-barcelona-a-peniscola/","200","0","https://metransfers.es/en/traslado-privado-barcelona-a-peniscola/","noindex, follow","","","no"
"inventario","https://metransfers.es/en/transfer-privado-barcelona-a-castellon/","200","0","https://metransfers.es/en/transfer-privado-barcelona-a-castellon/","noindex, follow","","","no"
"inventario","https://metransfers.es/en/traslado-privado-barcelona-a-murcia/","200","0","https://metransfers.es/en/traslado-privado-barcelona-a-murcia/","noindex, follow","","","no"
"inventario","https://metransfers.es/en/transfer-privado-barcelona-a-cartagena/","200","0","https://metransfers.es/en/transfer-privado-barcelona-a-cartagena/","noindex, follow","","","no"
"inventario","https://metransfers.es/en/traslado-privado-barcelona-a-benidorm/","200","0","https://metransfers.es/en/traslado-privado-barcelona-a-benidorm/","noindex, follow","","","no"
"inventario","https://metransfers.es/en/transfer-privado-barcelona-a-andorra-esqui-compras-duty-free/","200","0","https://metransfers.es/en/transfer-privado-barcelona-a-andorra-esqui-compras-duty-free/","noindex, follow","","","no"
"inventario","https://metransfers.es/en/traslado-privado-barcelona-a-biarritz/","200","0","https://metransfers.es/en/traslado-privado-barcelona-a-biarritz/","noindex, follow","","","no"
"inventario","https://metransfers.es/en/transfer-privado-barcelona-a-carcasona/","200","0","https://metransfers.es/en/transfer-privado-barcelona-a-carcasona/","noindex, follow","","","no"
"inventario","https://metransfers.es/en/traslado-barcelona-a-andorra-guia-completa-para-viajar-con-coche-espanol/","200","0","https://metransfers.es/en/traslado-barcelona-a-andorra-guia-completa-para-viajar-con-coche-espanol/","noindex, follow","","","no"
"inventario","https://metransfers.es/en/transfer-privado-barcelona-a-paris/","200","0","https://metransfers.es/en/transfer-privado-barcelona-a-paris/","noindex, follow","","","no"
"inventario","https://metransfers.es/en/traslado-barcelona-a-san-sebastian/","200","0","https://metransfers.es/en/traslado-barcelona-a-san-sebastian/","noindex, follow","","","no"
"inventario","https://metransfers.es/en/guia-completa-viajar-en-coche-desde-espana-a-europa-con-documentos-espanoles/","200","0","https://metransfers.es/en/guia-completa-viajar-en-coche-desde-espana-a-europa-con-documentos-espanoles/","noindex, follow","","","no"
"inventario","https://metransfers.es/en/traslado-vip-barcelona/","200","0","https://metransfers.es/en/traslado-vip-barcelona/","noindex, follow","","","no"
"inventario","https://metransfers.es/en/transfer-para-grupos-barcelona/","200","0","https://metransfers.es/en/transfer-para-grupos-barcelona/","noindex, follow","","","no"
"inventario","https://metransfers.es/en/traslado-privado-barcelona-a-genova/","200","0","https://metransfers.es/en/traslado-privado-barcelona-a-genova/","noindex, follow","","","no"
"inventario","https://metransfers.es/en/transfer-privado-barcelona-a-turin/","200","0","https://metransfers.es/en/transfer-privado-barcelona-a-turin/","noindex, follow","","","no"
"inventario","https://metransfers.es/en/traslado-privado-barcelona-a-zurich/","200","0","https://metransfers.es/en/traslado-privado-barcelona-a-zurich/","noindex, follow","","","no"
"inventario","https://metransfers.es/en/transfer-privado-barcelona-a-basilea/","200","0","https://metransfers.es/en/transfer-privado-barcelona-a-basilea/","noindex, follow","","","no"
"inventario","https://metransfers.es/en/traslado-privado-barcelona-a-luxemburgo/","200","0","https://metransfers.es/en/traslado-privado-barcelona-a-luxemburgo/","noindex, follow","","","no"
"inventario","https://metransfers.es/en/transfer-privado-barcelona-a-bruselas/","200","0","https://metransfers.es/en/transfer-privado-barcelona-a-bruselas/","noindex, follow","","","no"
"inventario","https://metransfers.es/en/traslado-privado-barcelona-a-francfort/","200","0","https://metransfers.es/en/traslado-privado-barcelona-a-francfort/","noindex, follow","","","no"
"inventario","https://metransfers.es/en/transfer-privado-barcelona-a-stuttgart/","200","0","https://metransfers.es/en/transfer-privado-barcelona-a-stuttgart/","noindex, follow","","","no"
"inventario","https://metransfers.es/en/traslado-ejecutivo-barcelona/","200","0","https://metransfers.es/en/traslado-ejecutivo-barcelona/","noindex, follow","","","no"
"inventario","https://metransfers.es/en/transfer-aeropuerto-el-prat/","200","0","https://metransfers.es/en/transfer-aeropuerto-el-prat/","noindex, follow","","","no"
"inventario","https://metransfers.es/en/traslado-privado-barcelona-a-huesca/","200","0","https://metransfers.es/en/traslado-privado-barcelona-a-huesca/","noindex, follow","","","no"
"inventario","https://metransfers.es/en/transfer-privado-barcelona-a-benasque/","200","0","https://metransfers.es/en/transfer-privado-barcelona-a-benasque/","noindex, follow","","","no"
"inventario","https://metransfers.es/en/traslado-privado-barcelona-a-teruel/","200","0","https://metransfers.es/en/traslado-privado-barcelona-a-teruel/","noindex, follow","","","no"
"inventario","https://metransfers.es/en/transfer-privado-barcelona-a-salamanca/","200","0","https://metransfers.es/en/transfer-privado-barcelona-a-salamanca/","noindex, follow","","","no"
"inventario","https://metransfers.es/en/traslado-privado-barcelona-a-valladolid/","200","0","https://metransfers.es/en/traslado-privado-barcelona-a-valladolid/","noindex, follow","","","no"
"inventario","https://metransfers.es/en/transfer-privado-barcelona-a-santander/","200","0","https://metransfers.es/en/transfer-privado-barcelona-a-santander/","noindex, follow","","","no"
"inventario","https://metransfers.es/en/traslado-privado-barcelona-a-la-rioja/","200","0","https://metransfers.es/en/traslado-privado-barcelona-a-la-rioja/","noindex, follow","","","no"
"inventario","https://metransfers.es/en/transfer-privado-barcelona-a-pamplona/","200","0","https://metransfers.es/en/transfer-privado-barcelona-a-pamplona/","noindex, follow","","","no"
"inventario","https://metransfers.es/en/traslado-privado-barcelona-a-oviedo/","200","0","https://metransfers.es/en/traslado-privado-barcelona-a-oviedo/","noindex, follow","","","no"
"inventario","https://metransfers.es/en/transfer-privado-barcelona-a-santiago-de-compostela/","200","0","https://metransfers.es/en/transfer-privado-barcelona-a-santiago-de-compostela/","noindex, follow","","","no"
"inventario","https://metransfers.es/en/traslado-privado-barcelona-a-palma/","200","0","https://metransfers.es/en/traslado-privado-barcelona-a-palma/","noindex, follow","","","no"
"inventario","https://metransfers.es/en/transfer-privado-barcelona-a-andorra-para-spa/","200","0","https://metransfers.es/en/transfer-privado-barcelona-a-andorra-para-spa/","noindex, follow","","","no"
"inventario","https://metransfers.es/en/guia-de-traslados-desde-barcelona-a-francia/","200","0","https://metransfers.es/en/guia-de-traslados-desde-barcelona-a-francia/","noindex, follow","","","no"
"inventario","https://metransfers.es/en/traslado-privado-barcelona-a-portugal/","200","0","https://metransfers.es/en/traslado-privado-barcelona-a-portugal/","noindex, follow","","","no"
"inventario","https://metransfers.es/en/transfer-privado-barcelona-a-narbona/","200","0","https://metransfers.es/en/transfer-privado-barcelona-a-narbona/","noindex, follow","","","no"
"inventario","https://metransfers.es/en/traslado-privado-barcelona-a-avignon/","200","0","https://metransfers.es/en/traslado-privado-barcelona-a-avignon/","noindex, follow","","","no"
"inventario","https://metransfers.es/en/transfer-privado-barcelona-a-nimes/","200","0","https://metransfers.es/en/transfer-privado-barcelona-a-nimes/","noindex, follow","","","no"
"inventario","https://metransfers.es/en/traslado-privado-barcelona-a-lourdes/","200","0","https://metransfers.es/en/traslado-privado-barcelona-a-lourdes/","noindex, follow","","","no"
"inventario","https://metransfers.es/en/transfer-privado-barcelona-a-albi/","200","0","https://metransfers.es/en/transfer-privado-barcelona-a-albi/","noindex, follow","","","no"
"inventario","https://metransfers.es/en/traslado-privado-barcelona-a-montserrat-para-grupos/","200","0","https://metransfers.es/en/traslado-privado-barcelona-a-montserrat-para-grupos/","noindex, follow","","","no"
"inventario","https://metransfers.es/en/transfer-privado-barcelona-a-costa-brava/","200","0","https://metransfers.es/en/transfer-privado-barcelona-a-costa-brava/","noindex, follow","","","no"
"inventario","https://metransfers.es/en/traslado-privado-barcelona-a-ceret/","200","0","https://metransfers.es/en/traslado-privado-barcelona-a-ceret/","noindex, follow","","","no"
"inventario","https://metransfers.es/en/transfer-privado-barcelona-a-le-perthus/","200","0","https://metransfers.es/en/transfer-privado-barcelona-a-le-perthus/","noindex, follow","","","no"
"inventario","https://metransfers.es/en/traslado-privado-barcelona-boda/","200","0","https://metransfers.es/en/traslado-privado-barcelona-boda/","noindex, follow","","","no"
"inventario","https://metransfers.es/en/transfer-privado-barcelona-a-murcia-por-la-autopista-del-mediterraneo/","200","0","https://metransfers.es/en/transfer-privado-barcelona-a-murcia-por-la-autopista-del-mediterraneo/","noindex, follow","","","no"
"inventario","https://metransfers.es/en/traslado-privado-barcelona-a-covadonga/","200","0","https://metransfers.es/en/traslado-privado-barcelona-a-covadonga/","noindex, follow","","","no"
"inventario","https://metransfers.es/en/transfer-privado-barcelona-a-costa-verde/","200","0","https://metransfers.es/en/transfer-privado-barcelona-a-costa-verde/","noindex, follow","","","no"
"inventario","https://metransfers.es/en/traslado-privado-barcelona-a-gibraltar/","200","0","https://metransfers.es/en/traslado-privado-barcelona-a-gibraltar/","noindex, follow","","","no"
"inventario","https://metransfers.es/en/transfer-privado-barcelona-a-albarracin/","200","0","https://metransfers.es/en/transfer-privado-barcelona-a-albarracin/","noindex, follow","","","no"
"inventario","https://metransfers.es/en/traslado-privado-barcelona-noche/","200","0","https://metransfers.es/en/traslado-privado-barcelona-noche/","noindex, follow","","","no"
"inventario","https://metransfers.es/en/por-que-elegir-un-servicio-de-traslado-privado-en-barcelona/","200","0","https://metransfers.es/en/por-que-elegir-un-servicio-de-traslado-privado-en-barcelona/","noindex, follow","","","no"
"inventario","https://metransfers.es/en/guia-de-testimonios-clientes-satisfechos-con-nuestros-servicios-de-traslado-en-barcelona/","200","0","https://metransfers.es/en/guia-de-testimonios-clientes-satisfechos-con-nuestros-servicios-de-traslado-en-barcelona/","noindex, follow","","","no"
"inventario","https://metransfers.es/en/los-mejores-servicios-de-traslado-para-grupos-en-barcelona/","200","0","https://metransfers.es/en/los-mejores-servicios-de-traslado-para-grupos-en-barcelona/","noindex, follow","","","no"
"inventario","https://metransfers.es/en/como-aprovechar-al-maximo-tu-traslado-privado-en-barcelona/","200","0","https://metransfers.es/en/como-aprovechar-al-maximo-tu-traslado-privado-en-barcelona/","noindex, follow","","","no"
"inventario","https://metransfers.es/en/las-mejores-aplicaciones-de-transfer-en-barcelona-compara-y-encuentra/","200","0","https://metransfers.es/en/las-mejores-aplicaciones-de-transfer-en-barcelona-compara-y-encuentra/","noindex, follow","","","no"
"inventario","https://metransfers.es/en/como-planificar-un-viaje-perfecto-en-barcelona-guia-completa/","200","0","https://metransfers.es/en/como-planificar-un-viaje-perfecto-en-barcelona-guia-completa/","noindex, follow","","","no"
"inventario","https://metransfers.es/en/guia-completa-de-transporte-en-barcelona-todo-lo-que-necesitas-saber/","200","0","https://metransfers.es/en/guia-completa-de-transporte-en-barcelona-todo-lo-que-necesitas-saber/","noindex, follow","","","no"
"inventario","https://metransfers.es/en/los-mejores-tours-privados-en-barcelona-guia-para-elegir-el-perfecto/","200","0","https://metransfers.es/en/los-mejores-tours-privados-en-barcelona-guia-para-elegir-el-perfecto/","noindex, follow","","","no"
"inventario","https://metransfers.es/en/las-mejores-rutas-escenicas-desde-barcelona-descubre-cataluna-en-coche/","200","0","https://metransfers.es/en/las-mejores-rutas-escenicas-desde-barcelona-descubre-cataluna-en-coche/","noindex, follow","","","no"
"inventario","https://metransfers.es/en/como-elegir-el-mejor-servicio-de-traslado-para-eventos-especiales-en-barcelona/","200","0","https://metransfers.es/en/como-elegir-el-mejor-servicio-de-traslado-para-eventos-especiales-en-barcelona/","noindex, follow","","","no"
"inventario","https://metransfers.es/en/guia-completa-de-traslados-desde-el-aeropuerto-de-barcelona/","200","0","https://metransfers.es/en/guia-completa-de-traslados-desde-el-aeropuerto-de-barcelona/","noindex, follow","","","no"
"inventario","https://metransfers.es/en/10-consejos-para-elegir-el-mejor-servicio-de-traslado-en-barcelona/","200","0","https://metransfers.es/en/10-consejos-para-elegir-el-mejor-servicio-de-traslado-en-barcelona/","noindex, follow","","","no"
"inventario","https://metransfers.es/en/beneficios-de-usar-un-servicio-de-traslado-privado-en-barcelona/","200","0","https://metransfers.es/en/beneficios-de-usar-un-servicio-de-traslado-privado-en-barcelona/","noindex, follow","","","no"
"inventario","https://metransfers.es/en/experiencias-unicas-tours-tematicos-en-barcelona/","200","0","https://metransfers.es/en/experiencias-unicas-tours-tematicos-en-barcelona/","noindex, follow","","","no"
"inventario","https://metransfers.es/en/diferencias-entre-servicios-de-traslado-taxi-vs-transfer-privado-en-barcelona/","200","0","https://metransfers.es/en/diferencias-entre-servicios-de-traslado-taxi-vs-transfer-privado-en-barcelona/","noindex, follow","","","no"
"inventario","https://metransfers.es/en/preguntas-frecuentes/","200","0","https://metransfers.es/en/preguntas-frecuentes/","noindex, follow","","","no"
"inventario","https://metransfers.es/en/contacto/","200","0","https://metransfers.es/en/contacto/","noindex, follow","","","no"
"inventario","https://metransfers.es/en/recuperar-el-iva-en-el-aeropuerto-2/","200","0","https://metransfers.es/en/recuperar-el-iva-en-el-aeropuerto-2/","noindex, follow","","","no"
"inventario","https://metransfers.es/en/aviso-legal/","200","0","https://metransfers.es/en/aviso-legal/","noindex, follow","","","no"
"inventario","https://metransfers.es/en/terminos-y-condiciones/","200","0","https://metransfers.es/en/terminos-y-condiciones/","noindex, follow","","","no"
"inventario","https://metransfers.es/en/politica-de-privacidad/","200","0","https://metransfers.es/en/politica-de-privacidad/","noindex, follow","","","no"
"inventario","https://metransfers.es/en/politica-de-cookies/","200","0","https://metransfers.es/en/politica-de-cookies/","noindex, follow","","","no"
"inventario","https://metransfers.es/en/cookies/","200","0","https://metransfers.es/en/cookies/","noindex, follow","","","no"
"inventario","https://metransfers.es/en/traslados-privados/","200","0","https://metransfers.es/en/traslados-privados/","noindex, follow","","","no"
"inventario","https://metransfers.es/en/sobre-nosotros/","200","0","https://metransfers.es/en/sobre-nosotros/","noindex, follow","","","no"
"inventario","https://metransfers.es/en/traslado-estacion-sants-barcelona/","200","0","https://metransfers.es/en/traslado-estacion-sants-barcelona/","noindex, follow","","","no"
"inventario","https://metransfers.es/en/traslados-hoteles-barcelona/","200","0","https://metransfers.es/en/traslados-hoteles-barcelona/","noindex, follow","","","no"
"inventario","https://metransfers.es/en/flota/","200","0","https://metransfers.es/en/flota/","noindex, follow","","","no"
"inventario","https://metransfers.es/en/traslados-puerto/","200","0","https://metransfers.es/en/traslados-puerto/","noindex, follow","","","no"
"inventario","https://metransfers.es/en/transfer-aeropuerto-barcelona/","200","0","https://metransfers.es/en/transfer-aeropuerto-barcelona/","noindex, follow","","","no"
"inventario","https://metransfers.es/en/chofer-por-horas/","200","0","https://metransfers.es/en/chofer-por-horas/","noindex, follow","","","no"
"inventario","https://metransfers.es/en/corporativo-y-eventos/","200","0","https://metransfers.es/en/corporativo-y-eventos/","noindex, follow","","","no"
"inventario","https://metransfers.es/en/grupos/","200","0","https://metransfers.es/en/grupos/","noindex, follow","","","no"
"inventario","https://metransfers.es/en/tour-en-barcelona/","200","0","https://metransfers.es/en/tour-en-barcelona/","noindex, follow","","","no"
"inventario","https://metransfers.es/en/tour-a-montserrat/","200","0","https://metransfers.es/en/tour-a-montserrat/","noindex, follow","","","no"
"inventario","https://metransfers.es/en/tour-costa-brava/","200","0","https://metransfers.es/en/tour-costa-brava/","noindex, follow","","","no"
"inventario","https://metransfers.es/en/tour-a-girona/","200","0","https://metransfers.es/en/tour-a-girona/","noindex, follow","","","no"
"inventario","https://metransfers.es/en/tours-privados/","200","0","https://metransfers.es/en/tours-privados/","noindex, follow","","","no"
"inventario","https://metransfers.es/en/rutas/puerto-barcelona-sitges/","200","0","https://metransfers.es/en/rutas/puerto-barcelona-sitges/","noindex, follow","","","no"
"inventario","https://metransfers.es/en/rutas/puerto-barcelona-cambrils/","200","0","https://metransfers.es/en/rutas/puerto-barcelona-cambrils/","noindex, follow","","","no"
"inventario","https://metransfers.es/en/rutas/barcelona-cambrils/","200","0","https://metransfers.es/en/rutas/barcelona-cambrils/","noindex, follow","","","no"
"inventario","https://metransfers.es/en/rutas/aeropuerto-barcelona-cambrils/","200","0","https://metransfers.es/en/rutas/aeropuerto-barcelona-cambrils/","noindex, follow","","","no"
"inventario","https://metransfers.es/en/rutas/estacion-sants-tarragona/","200","0","https://metransfers.es/en/rutas/estacion-sants-tarragona/","noindex, follow","","","no"
"inventario","https://metransfers.es/en/rutas/puerto-barcelona-tarragona/","200","0","https://metransfers.es/en/rutas/puerto-barcelona-tarragona/","noindex, follow","","","no"
"inventario","https://metransfers.es/en/rutas/barcelona-tarragona/","200","0","https://metransfers.es/en/rutas/barcelona-tarragona/","noindex, follow","","","no"
"inventario","https://metransfers.es/en/rutas/aeropuerto-barcelona-tarragona/","200","0","https://metransfers.es/en/rutas/aeropuerto-barcelona-tarragona/","noindex, follow","","","no"
"inventario","https://metransfers.es/en/rutas/estacion-sants-sitges/","200","0","https://metransfers.es/en/rutas/estacion-sants-sitges/","noindex, follow","","","no"
"inventario","https://metransfers.es/en/rutas/aeropuerto-barcelona-girona/","200","0","https://metransfers.es/en/rutas/aeropuerto-barcelona-girona/","noindex, follow","","","no"
"inventario","https://metransfers.es/en/rutas/barcelona-sitges/","200","0","https://metransfers.es/en/rutas/barcelona-sitges/","noindex, follow","","","no"
"inventario","https://metransfers.es/en/rutas/aeropuerto-barcelona-sitges/","200","0","https://metransfers.es/en/rutas/aeropuerto-barcelona-sitges/","noindex, follow","","","no"
"inventario","https://metransfers.es/en/rutas/salou-portaventura/","200","0","https://metransfers.es/en/rutas/salou-portaventura/","noindex, follow","","","no"
"inventario","https://metransfers.es/en/rutas/aeropuerto-reus-portaventura/","200","0","https://metransfers.es/en/rutas/aeropuerto-reus-portaventura/","noindex, follow","","","no"
"inventario","https://metransfers.es/en/rutas/aeropuerto-barcelona-portaventura/","200","0","https://metransfers.es/en/rutas/aeropuerto-barcelona-portaventura/","noindex, follow","","","no"
"inventario","https://metransfers.es/en/rutas/estacion-sants-salou/","200","0","https://metransfers.es/en/rutas/estacion-sants-salou/","noindex, follow","","","no"
"inventario","https://metransfers.es/en/rutas/puerto-barcelona-salou/","200","0","https://metransfers.es/en/rutas/puerto-barcelona-salou/","noindex, follow","","","no"
"inventario","https://metransfers.es/en/rutas/aeropuerto-girona-lloret-de-mar/","200","0","https://metransfers.es/en/rutas/aeropuerto-girona-lloret-de-mar/","noindex, follow","","","no"
"inventario","https://metransfers.es/en/rutas/barcelona-girona/","200","0","https://metransfers.es/en/rutas/barcelona-girona/","noindex, follow","","","no"
"inventario","https://metransfers.es/en/rutas/estacion-sants-girona/","200","0","https://metransfers.es/en/rutas/estacion-sants-girona/","noindex, follow","","","no"
"inventario","https://metransfers.es/en/rutas/aeropuerto-barcelona-tossa-de-mar/","200","0","https://metransfers.es/en/rutas/aeropuerto-barcelona-tossa-de-mar/","noindex, follow","","","no"
"inventario","https://metransfers.es/en/rutas/barcelona-tossa-de-mar/","200","0","https://metransfers.es/en/rutas/barcelona-tossa-de-mar/","noindex, follow","","","no"
"inventario","https://metransfers.es/en/rutas/aeropuerto-barcelona-blanes/","200","0","https://metransfers.es/en/rutas/aeropuerto-barcelona-blanes/","noindex, follow","","","no"
"inventario","https://metransfers.es/en/rutas/barcelona-blanes/","200","0","https://metransfers.es/en/rutas/barcelona-blanes/","noindex, follow","","","no"
"inventario","https://metransfers.es/en/rutas/aeropuerto-barcelona-calella/","200","0","https://metransfers.es/en/rutas/aeropuerto-barcelona-calella/","noindex, follow","","","no"
"inventario","https://metransfers.es/en/rutas/barcelona-calella/","200","0","https://metransfers.es/en/rutas/barcelona-calella/","noindex, follow","","","no"
"inventario","https://metransfers.es/en/rutas/aeropuerto-barcelona-roses/","200","0","https://metransfers.es/en/rutas/aeropuerto-barcelona-roses/","noindex, follow","","","no"
"inventario","https://metransfers.es/en/rutas/barcelona-roses/","200","0","https://metransfers.es/en/rutas/barcelona-roses/","noindex, follow","","","no"
"inventario","https://metransfers.es/en/rutas/aeropuerto-barcelona-cadaques/","200","0","https://metransfers.es/en/rutas/aeropuerto-barcelona-cadaques/","noindex, follow","","","no"
"inventario","https://metransfers.es/en/rutas/barcelona-cadaques/","200","0","https://metransfers.es/en/rutas/barcelona-cadaques/","noindex, follow","","","no"
"inventario","https://metransfers.es/en/rutas/aeropuerto-barcelona-platja-daro/","200","0","https://metransfers.es/en/rutas/aeropuerto-barcelona-platja-daro/","noindex, follow","","","no"
"inventario","https://metransfers.es/en/rutas/barcelona-platja-daro/","200","0","https://metransfers.es/en/rutas/barcelona-platja-daro/","noindex, follow","","","no"
"inventario","https://metransfers.es/en/rutas/aeropuerto-barcelona-andorra/","200","0","https://metransfers.es/en/rutas/aeropuerto-barcelona-andorra/","noindex, follow","","","no"
"inventario","https://metransfers.es/en/rutas/barcelona-lloret-de-mar/","200","0","https://metransfers.es/en/rutas/barcelona-lloret-de-mar/","noindex, follow","","","no"
"inventario","https://metransfers.es/en/rutas/aeropuerto-barcelona-lloret-de-mar/","200","0","https://metransfers.es/en/rutas/aeropuerto-barcelona-lloret-de-mar/","noindex, follow","","","no"
"inventario","https://metransfers.es/en/rutas/estacion-sants-lloret-de-mar/","200","0","https://metransfers.es/en/rutas/estacion-sants-lloret-de-mar/","noindex, follow","","","no"
"inventario","https://metransfers.es/en/rutas/aeropuerto-barcelona-salou/","200","0","https://metransfers.es/en/rutas/aeropuerto-barcelona-salou/","noindex, follow","","","no"
"inventario","https://metransfers.es/en/rutas/aeropuerto-reus-salou/","200","0","https://metransfers.es/en/rutas/aeropuerto-reus-salou/","noindex, follow","","","no"
"inventario","https://metransfers.es/en/rutas/barcelona-salou/","200","0","https://metransfers.es/en/rutas/barcelona-salou/","noindex, follow","","","no"
"inventario","https://metransfers.es/en/rutas/puerto-barcelona-lloret-de-mar/","200","0","https://metransfers.es/en/rutas/puerto-barcelona-lloret-de-mar/","noindex, follow","","","no"
"inventario","https://metransfers.es/en/rutas/barcelona-andorra/","200","0","https://metransfers.es/en/rutas/barcelona-andorra/","noindex, follow","","","no"
"inventario","https://metransfers.es/en/rutas/aeropuerto-barcelona-montserrat/","200","0","https://metransfers.es/en/rutas/aeropuerto-barcelona-montserrat/","noindex, follow","","","no"
"inventario","https://metransfers.es/en/rutas/estacion-sants-andorra/","200","0","https://metransfers.es/en/rutas/estacion-sants-andorra/","noindex, follow","","","no"
"inventario","https://metransfers.es/en/rutas/barcelona-montserrat/","200","0","https://metransfers.es/en/rutas/barcelona-montserrat/","noindex, follow","","","no"
"inventario","https://metransfers.es/en/rutas/aeropuerto-barcelona-reus/","200","0","https://metransfers.es/en/rutas/aeropuerto-barcelona-reus/","noindex, follow","","","no"
"inventario","https://metransfers.es/en/rutas/barcelona-reus/","200","0","https://metransfers.es/en/rutas/barcelona-reus/","noindex, follow","","","no"
"inventario","https://metransfers.es/en/rutas/aeropuerto-barcelona-vilanova/","200","0","https://metransfers.es/en/rutas/aeropuerto-barcelona-vilanova/","noindex, follow","","","no"
"inventario","https://metransfers.es/en/rutas/barcelona-vilanova/","200","0","https://metransfers.es/en/rutas/barcelona-vilanova/","noindex, follow","","","no"
"inventario","https://metransfers.es/en/rutas/aeropuerto-barcelona-calafell/","200","0","https://metransfers.es/en/rutas/aeropuerto-barcelona-calafell/","noindex, follow","","","no"
"inventario","https://metransfers.es/en/rutas/barcelona-calafell/","200","0","https://metransfers.es/en/rutas/barcelona-calafell/","noindex, follow","","","no"
"inventario","https://metransfers.es/en/rutas/aeropuerto-barcelona-la-pineda/","200","0","https://metransfers.es/en/rutas/aeropuerto-barcelona-la-pineda/","noindex, follow","","","no"
"inventario","https://metransfers.es/en/rutas/barcelona-la-pineda/","200","0","https://metransfers.es/en/rutas/barcelona-la-pineda/","noindex, follow","","","no"
"inventario","https://metransfers.es/en/rutas/barcelona-la-molina/","200","0","https://metransfers.es/en/rutas/barcelona-la-molina/","noindex, follow","","","no"
"inventario","https://metransfers.es/en/rutas/aeropuerto-barcelona-la-molina/","200","0","https://metransfers.es/en/rutas/aeropuerto-barcelona-la-molina/","noindex, follow","","","no"
"inventario","https://metransfers.es/en/rutas/aeropuerto-barcelona-baqueira-beret/","200","0","https://metransfers.es/en/rutas/aeropuerto-barcelona-baqueira-beret/","noindex, follow","","","no"
"inventario","https://metransfers.es/en/rutas/barcelona-baqueira-beret/","200","0","https://metransfers.es/en/rutas/barcelona-baqueira-beret/","noindex, follow","","","no"
"inventario","https://metransfers.es/en/rutas/barcelona-vielha/","200","0","https://metransfers.es/en/rutas/barcelona-vielha/","noindex, follow","","","no"
"inventario","https://metransfers.es/en/rutas/barcelona-portaventura/","200","0","https://metransfers.es/en/rutas/barcelona-portaventura/","noindex, follow","","","no"
"inventario","https://metransfers.es/en/rutas/barcelona-costa-brava/","200","0","https://metransfers.es/en/rutas/barcelona-costa-brava/","noindex, follow","","","no"
"inventario","https://metransfers.es/en/rutas/barcelona-perpignan/","200","0","https://metransfers.es/en/rutas/barcelona-perpignan/","noindex, follow","","","no"
"inventario","https://metransfers.es/en/rutas/barcelona-granollers/","200","0","https://metransfers.es/en/rutas/barcelona-granollers/","noindex, follow","","","no"
"inventario","https://metransfers.es/en/rutas/barcelona-mataro/","200","0","https://metransfers.es/en/rutas/barcelona-mataro/","noindex, follow","","","no"
"inventario","https://metransfers.es/en/rutas/barcelona-badalona/","200","0","https://metransfers.es/en/rutas/barcelona-badalona/","noindex, follow","","","no"
"inventario","https://metransfers.es/en/rutas/barcelona-hospitalet/","200","0","https://metransfers.es/en/rutas/barcelona-hospitalet/","noindex, follow","","","no"
"inventario","https://metransfers.es/en/rutas/barcelona-peniscola/","200","0","https://metransfers.es/en/rutas/barcelona-peniscola/","noindex, follow","","","no"
"inventario","https://metransfers.es/en/rutas/barcelona-delta-del-ebro/","200","0","https://metransfers.es/en/rutas/barcelona-delta-del-ebro/","noindex, follow","","","no"
"inventario","https://metransfers.es/en/rutas/barcelona-pineda-de-mar/","200","0","https://metransfers.es/en/rutas/barcelona-pineda-de-mar/","noindex, follow","","","no"
"inventario","https://metransfers.es/en/rutas/barcelona-sevilla/","200","0","https://metransfers.es/en/rutas/barcelona-sevilla/","noindex, follow","","","no"
"inventario","https://metransfers.es/en/rutas/barcelona-vigo/","200","0","https://metransfers.es/en/rutas/barcelona-vigo/","noindex, follow","","","no"
"inventario","https://metransfers.es/en/rutas/barcelona-benidorm/","200","0","https://metransfers.es/en/rutas/barcelona-benidorm/","noindex, follow","","","no"
"inventario","https://metransfers.es/en/rutas/barcelona-bilbao/","200","0","https://metransfers.es/en/rutas/barcelona-bilbao/","noindex, follow","","","no"
"inventario","https://metransfers.es/en/rutas/barcelona-san-sebastian/","200","0","https://metransfers.es/en/rutas/barcelona-san-sebastian/","noindex, follow","","","no"
"inventario","https://metransfers.es/en/rutas/barcelona-malgrat/","200","0","https://metransfers.es/en/rutas/barcelona-malgrat/","noindex, follow","","","no"
"inventario","https://metransfers.es/en/rutas/barcelona-granada/","200","0","https://metransfers.es/en/rutas/barcelona-granada/","noindex, follow","","","no"
"inventario","https://metransfers.es/en/rutas/barcelona-valencia/","200","0","https://metransfers.es/en/rutas/barcelona-valencia/","noindex, follow","","","no"
"inventario","https://metransfers.es/en/rutas/barcelona-santiago-de-compostela/","200","0","https://metransfers.es/en/rutas/barcelona-santiago-de-compostela/","noindex, follow","","","no"
"inventario","https://metransfers.es/en/rutas/barcelona-lourdes/","200","0","https://metransfers.es/en/rutas/barcelona-lourdes/","noindex, follow","","","no"
"inventario","https://metransfers.es/en/rutas/barcelona-vall-de-nuria/","200","0","https://metransfers.es/en/rutas/barcelona-vall-de-nuria/","noindex, follow","","","no"
"inventario","https://metransfers.es/en/rutas/barcelona-almeria/","200","0","https://metransfers.es/en/rutas/barcelona-almeria/","noindex, follow","","","no"
"inventario","https://metransfers.es/en/rutas/barcelona-figueres/","200","0","https://metransfers.es/en/rutas/barcelona-figueres/","noindex, follow","","","no"
"inventario","https://metransfers.es/en/rutas/barcelona-camping-el-delfin-verde/","200","0","https://metransfers.es/en/rutas/barcelona-camping-el-delfin-verde/","noindex, follow","","","no"
"inventario","https://metransfers.es/en/rutas/barcelona-marbella/","200","0","https://metransfers.es/en/rutas/barcelona-marbella/","noindex, follow","","","no"
"inventario","https://metransfers.es/en/rutas/barcelona-santa-susanna/","200","0","https://metransfers.es/en/rutas/barcelona-santa-susanna/","noindex, follow","","","no"
"inventario","https://metransfers.es/en/rutas/barcelona-begur/","200","0","https://metransfers.es/en/rutas/barcelona-begur/","noindex, follow","","","no"
"inventario","https://metransfers.es/en/rutas/barcelona-calella-de-palafrugell/","200","0","https://metransfers.es/en/rutas/barcelona-calella-de-palafrugell/","noindex, follow","","","no"
"inventario","https://metransfers.es/en/rutas/barcelona-cap-de-creus/","200","0","https://metransfers.es/en/rutas/barcelona-cap-de-creus/","noindex, follow","","","no"
"inventario","https://metransfers.es/en/rutas/barcelona-la-escala/","200","0","https://metransfers.es/en/rutas/barcelona-la-escala/","noindex, follow","","","no"
"inventario","https://metransfers.es/en/rutas/barcelona-palamos/","200","0","https://metransfers.es/en/rutas/barcelona-palamos/","noindex, follow","","","no"
"inventario","https://metransfers.es/en/rutas/barcelona-taull/","200","0","https://metransfers.es/en/rutas/barcelona-taull/","noindex, follow","","","no"
"inventario","https://metransfers.es/en/rutas/barcelona-madrid/","200","0","https://metransfers.es/en/rutas/barcelona-madrid/","noindex, follow","","","no"
"inventario","https://metransfers.es/en/rutas/barcelona-besalu/","200","0","https://metransfers.es/en/rutas/barcelona-besalu/","noindex, follow","","","no"
"inventario","https://metransfers.es/en/rutas/barcelona-morella/","200","0","https://metransfers.es/en/rutas/barcelona-morella/","noindex, follow","","","no"
"inventario","https://metransfers.es/en/rutas/barcelona-altea/","200","0","https://metransfers.es/en/rutas/barcelona-altea/","noindex, follow","","","no"
"inventario","https://metransfers.es/en/rutas/barcelona-valderrobres/","200","0","https://metransfers.es/en/rutas/barcelona-valderrobres/","noindex, follow","","","no"
"inventario","https://metransfers.es/en/rutas/barcelona-alquezar/","200","0","https://metransfers.es/en/rutas/barcelona-alquezar/","noindex, follow","","","no"
"inventario","https://metransfers.es/en/rutas/barcelona-collioure/","200","0","https://metransfers.es/en/rutas/barcelona-collioure/","noindex, follow","","","no"
"inventario","https://metransfers.es/en/rutas/barcelona-carcassonne/","200","0","https://metransfers.es/en/rutas/barcelona-carcassonne/","noindex, follow","","","no"
"inventario","https://metransfers.es/en/transfer-privado-a-madrid/","200","1","https://metransfers.es/rutas/barcelona-madrid/","index, follow, max-image-preview:large, max-snippet:-1, max-video-preview:-1","https://metransfers.es/rutas/barcelona-madrid/","","no"
"inventario","https://metransfers.es/en/transfer-privado-a-tarragona/","200","1","https://metransfers.es/rutas/barcelona-tarragona/","index, follow, max-image-preview:large, max-snippet:-1, max-video-preview:-1","https://metransfers.es/rutas/barcelona-tarragona/","","no"
"inventario","https://metransfers.es/en/ebro-delta/","200","1","https://metransfers.es/rutas/barcelona-delta-del-ebro/","index, follow, max-image-preview:large, max-snippet:-1, max-video-preview:-1","https://metransfers.es/rutas/barcelona-delta-del-ebro/","","no"
"inventario","https://metransfers.es/en/taxis-barcelona-port-aventura/","200","1","https://metransfers.es/rutas/barcelona-portaventura/","index, follow, max-image-preview:large, max-snippet:-1, max-video-preview:-1","https://metransfers.es/rutas/barcelona-portaventura/","","no"
"inventario","https://metransfers.es/en/costa-brava-traslados/","200","1","https://metransfers.es/rutas/barcelona-costa-brava/","index, follow, max-image-preview:large, max-snippet:-1, max-video-preview:-1","https://metransfers.es/rutas/barcelona-costa-brava/","","no"
"inventario","https://metransfers.es/en/costa-brava-taxis/","200","1","https://metransfers.es/rutas/barcelona-costa-brava/","index, follow, max-image-preview:large, max-snippet:-1, max-video-preview:-1","https://metransfers.es/rutas/barcelona-costa-brava/","","no"
"inventario","https://metransfers.es/en/hospitalet-traslados/","200","1","https://metransfers.es/rutas/barcelona-hospitalet/","index, follow, max-image-preview:large, max-snippet:-1, max-video-preview:-1","https://metransfers.es/rutas/barcelona-hospitalet/","","no"
"inventario","https://metransfers.es/en/hospitalet-taxis/","200","1","https://metransfers.es/rutas/barcelona-hospitalet/","index, follow, max-image-preview:large, max-snippet:-1, max-video-preview:-1","https://metransfers.es/rutas/barcelona-hospitalet/","","no"
"inventario","https://metransfers.es/en/badalona-traslados/","200","1","https://metransfers.es/rutas/barcelona-badalona/","index, follow, max-image-preview:large, max-snippet:-1, max-video-preview:-1","https://metransfers.es/rutas/barcelona-badalona/","","no"
"inventario","https://metransfers.es/en/badalona-taxis/","200","1","https://metransfers.es/rutas/barcelona-badalona/","index, follow, max-image-preview:large, max-snippet:-1, max-video-preview:-1","https://metransfers.es/rutas/barcelona-badalona/","","no"
"inventario","https://metransfers.es/en/mataro-traslados/","200","1","https://metransfers.es/rutas/barcelona-mataro/","index, follow, max-image-preview:large, max-snippet:-1, max-video-preview:-1","https://metransfers.es/rutas/barcelona-mataro/","","no"
"inventario","https://metransfers.es/en/mataro-taxis/","200","1","https://metransfers.es/rutas/barcelona-mataro/","index, follow, max-image-preview:large, max-snippet:-1, max-video-preview:-1","https://metransfers.es/rutas/barcelona-mataro/","","no"
"inventario","https://metransfers.es/en/granollers-traslados/","200","1","https://metransfers.es/rutas/barcelona-granollers/","index, follow, max-image-preview:large, max-snippet:-1, max-video-preview:-1","https://metransfers.es/rutas/barcelona-granollers/","","no"
"inventario","https://metransfers.es/en/granollers-taxis/","200","1","https://metransfers.es/rutas/barcelona-granollers/","index, follow, max-image-preview:large, max-snippet:-1, max-video-preview:-1","https://metransfers.es/rutas/barcelona-granollers/","","no"
"inventario","https://metransfers.es/en/montserrat-traslados/","200","1","https://metransfers.es/rutas/barcelona-montserrat/","index, follow, max-image-preview:large, max-snippet:-1, max-video-preview:-1","https://metransfers.es/rutas/barcelona-montserrat/","","no"
"inventario","https://metransfers.es/en/montserrat-taxis/","200","1","https://metransfers.es/rutas/barcelona-montserrat/","index, follow, max-image-preview:large, max-snippet:-1, max-video-preview:-1","https://metransfers.es/rutas/barcelona-montserrat/","","no"
"inventario","https://metransfers.es/en/perpignan-traslados/","200","1","https://metransfers.es/rutas/barcelona-perpignan/","index, follow, max-image-preview:large, max-snippet:-1, max-video-preview:-1","https://metransfers.es/rutas/barcelona-perpignan/","","no"
"inventario","https://metransfers.es/en/perpignan-taxis/","200","1","https://metransfers.es/rutas/barcelona-perpignan/","index, follow, max-image-preview:large, max-snippet:-1, max-video-preview:-1","https://metransfers.es/rutas/barcelona-perpignan/","","no"
"inventario","https://metransfers.es/en/andorra-traslados/","200","1","https://metransfers.es/rutas/barcelona-andorra/","index, follow, max-image-preview:large, max-snippet:-1, max-video-preview:-1","https://metransfers.es/rutas/barcelona-andorra/","","no"
"inventario","https://metransfers.es/en/andorra-taxis/","200","1","https://metransfers.es/rutas/barcelona-andorra/","index, follow, max-image-preview:large, max-snippet:-1, max-video-preview:-1","https://metransfers.es/rutas/barcelona-andorra/","","no"
"inventario","https://metransfers.es/en/girona-traslados/","200","1","https://metransfers.es/rutas/barcelona-girona/","index, follow, max-image-preview:large, max-snippet:-1, max-video-preview:-1","https://metransfers.es/rutas/barcelona-girona/","","no"
"inventario","https://metransfers.es/en/girona-taxis/","200","1","https://metransfers.es/rutas/barcelona-girona/","index, follow, max-image-preview:large, max-snippet:-1, max-video-preview:-1","https://metransfers.es/rutas/barcelona-girona/","","no"
"inventario","https://metransfers.es/en/reus-traslados/","200","1","https://metransfers.es/rutas/barcelona-reus/","index, follow, max-image-preview:large, max-snippet:-1, max-video-preview:-1","https://metransfers.es/rutas/barcelona-reus/","","no"
"inventario","https://metransfers.es/en/reus-taxis/","200","1","https://metransfers.es/rutas/barcelona-reus/","index, follow, max-image-preview:large, max-snippet:-1, max-video-preview:-1","https://metransfers.es/rutas/barcelona-reus/","","no"
"inventario","https://metransfers.es/en/tarragona-traslados/","200","1","https://metransfers.es/rutas/barcelona-tarragona/","index, follow, max-image-preview:large, max-snippet:-1, max-video-preview:-1","https://metransfers.es/rutas/barcelona-tarragona/","","no"
"inventario","https://metransfers.es/en/tarragona-taxis/","200","1","https://metransfers.es/rutas/barcelona-tarragona/","index, follow, max-image-preview:large, max-snippet:-1, max-video-preview:-1","https://metransfers.es/rutas/barcelona-tarragona/","","no"
"inventario","https://metransfers.es/en/sitges-traslados/","200","1","https://metransfers.es/rutas/barcelona-sitges/","index, follow, max-image-preview:large, max-snippet:-1, max-video-preview:-1","https://metransfers.es/rutas/barcelona-sitges/","","no"
"inventario","https://metransfers.es/en/sitges-taxis/","200","1","https://metransfers.es/rutas/barcelona-sitges/","index, follow, max-image-preview:large, max-snippet:-1, max-video-preview:-1","https://metransfers.es/rutas/barcelona-sitges/","","no"
"inventario","https://metransfers.es/en/lloret-de-mar-traslados/","200","1","https://metransfers.es/rutas/barcelona-lloret-de-mar/","index, follow, max-image-preview:large, max-snippet:-1, max-video-preview:-1","https://metransfers.es/rutas/barcelona-lloret-de-mar/","","no"
"inventario","https://metransfers.es/en/lloret-de-mar-taxis/","200","1","https://metransfers.es/rutas/barcelona-lloret-de-mar/","index, follow, max-image-preview:large, max-snippet:-1, max-video-preview:-1","https://metransfers.es/rutas/barcelona-lloret-de-mar/","","no"
"inventario","https://metransfers.es/en/salou-traslados/","200","1","https://metransfers.es/rutas/barcelona-salou/","index, follow, max-image-preview:large, max-snippet:-1, max-video-preview:-1","https://metransfers.es/rutas/barcelona-salou/","","no"
"inventario","https://metransfers.es/en/salou-taxis/","200","1","https://metransfers.es/rutas/barcelona-salou/","index, follow, max-image-preview:large, max-snippet:-1, max-video-preview:-1","https://metransfers.es/rutas/barcelona-salou/","","no"
"inventario","https://metransfers.es/en/barcelona-traslados/","200","1","https://metransfers.es/traslados-privados/","index, follow, max-image-preview:large, max-snippet:-1, max-video-preview:-1","https://metransfers.es/traslados-privados/","","no"
"inventario","https://metransfers.es/en/barcelona-taxis/","200","1","https://metransfers.es/traslados-privados/","index, follow, max-image-preview:large, max-snippet:-1, max-video-preview:-1","https://metransfers.es/traslados-privados/","","no"
"inventario","https://metransfers.es/en/destinos/pineda-de-mar/","200","1","https://metransfers.es/rutas/barcelona-pineda-de-mar/","index, follow, max-image-preview:large, max-snippet:-1, max-video-preview:-1","https://metransfers.es/rutas/barcelona-pineda-de-mar/","","no"
"inventario","https://metransfers.es/en/destinos/portaventura/","200","1","https://metransfers.es/rutas/barcelona-portaventura/","index, follow, max-image-preview:large, max-snippet:-1, max-video-preview:-1","https://metransfers.es/rutas/barcelona-portaventura/","","no"
"inventario","https://metransfers.es/en/destinos/reus/","200","1","https://metransfers.es/rutas/barcelona-reus/","index, follow, max-image-preview:large, max-snippet:-1, max-video-preview:-1","https://metransfers.es/rutas/barcelona-reus/","","no"
"inventario","https://metransfers.es/en/destinos/sevilla/","200","1","https://metransfers.es/rutas/barcelona-sevilla/","index, follow, max-image-preview:large, max-snippet:-1, max-video-preview:-1","https://metransfers.es/rutas/barcelona-sevilla/","","no"
"inventario","https://metransfers.es/en/destinos/vigo/","200","1","https://metransfers.es/rutas/barcelona-vigo/","index, follow, max-image-preview:large, max-snippet:-1, max-video-preview:-1","https://metransfers.es/rutas/barcelona-vigo/","","no"
"inventario","https://metransfers.es/en/destinos/benidorm/","200","1","https://metransfers.es/rutas/barcelona-benidorm/","index, follow, max-image-preview:large, max-snippet:-1, max-video-preview:-1","https://metransfers.es/rutas/barcelona-benidorm/","","no"
"inventario","https://metransfers.es/en/destinos/bilbao/","200","1","https://metransfers.es/rutas/barcelona-bilbao/","index, follow, max-image-preview:large, max-snippet:-1, max-video-preview:-1","https://metransfers.es/rutas/barcelona-bilbao/","","no"
"inventario","https://metransfers.es/en/destinos/san-sebastian/","200","1","https://metransfers.es/rutas/barcelona-san-sebastian/","index, follow, max-image-preview:large, max-snippet:-1, max-video-preview:-1","https://metransfers.es/rutas/barcelona-san-sebastian/","","no"
"inventario","https://metransfers.es/en/destinos/malgrat/","200","1","https://metransfers.es/rutas/barcelona-malgrat/","index, follow, max-image-preview:large, max-snippet:-1, max-video-preview:-1","https://metransfers.es/rutas/barcelona-malgrat/","","no"
"inventario","https://metransfers.es/en/destinos/andorra/","200","1","https://metransfers.es/rutas/barcelona-andorra/","index, follow, max-image-preview:large, max-snippet:-1, max-video-preview:-1","https://metransfers.es/rutas/barcelona-andorra/","","no"
"inventario","https://metransfers.es/en/destinos/granada/","200","1","https://metransfers.es/rutas/barcelona-granada/","index, follow, max-image-preview:large, max-snippet:-1, max-video-preview:-1","https://metransfers.es/rutas/barcelona-granada/","","no"
"inventario","https://metransfers.es/en/destinos/valencia/","200","1","https://metransfers.es/rutas/barcelona-valencia/","index, follow, max-image-preview:large, max-snippet:-1, max-video-preview:-1","https://metransfers.es/rutas/barcelona-valencia/","","no"
"inventario","https://metransfers.es/en/destinos/santiago-de-compostela/","200","1","https://metransfers.es/rutas/barcelona-santiago-de-compostela/","index, follow, max-image-preview:large, max-snippet:-1, max-video-preview:-1","https://metransfers.es/rutas/barcelona-santiago-de-compostela/","","no"
"inventario","https://metransfers.es/en/destinos/lourdes/","200","1","https://metransfers.es/rutas/barcelona-lourdes/","index, follow, max-image-preview:large, max-snippet:-1, max-video-preview:-1","https://metransfers.es/rutas/barcelona-lourdes/","","no"
"inventario","https://metransfers.es/en/destinos/cambrils/","200","1","https://metransfers.es/rutas/barcelona-cambrils/","index, follow, max-image-preview:large, max-snippet:-1, max-video-preview:-1","https://metransfers.es/rutas/barcelona-cambrils/","","no"
"inventario","https://metransfers.es/en/destinos/calella/","200","1","https://metransfers.es/rutas/barcelona-calella/","index, follow, max-image-preview:large, max-snippet:-1, max-video-preview:-1","https://metransfers.es/rutas/barcelona-calella/","","no"
"inventario","https://metransfers.es/en/destinos/vall-de-nuria/","200","1","https://metransfers.es/rutas/barcelona-vall-de-nuria/","index, follow, max-image-preview:large, max-snippet:-1, max-video-preview:-1","https://metransfers.es/rutas/barcelona-vall-de-nuria/","","no"
"inventario","https://metransfers.es/en/destinos/sitges/","200","1","https://metransfers.es/rutas/barcelona-sitges/","index, follow, max-image-preview:large, max-snippet:-1, max-video-preview:-1","https://metransfers.es/rutas/barcelona-sitges/","","no"
"inventario","https://metransfers.es/en/destinos/almeria/","200","1","https://metransfers.es/rutas/barcelona-almeria/","index, follow, max-image-preview:large, max-snippet:-1, max-video-preview:-1","https://metransfers.es/rutas/barcelona-almeria/","","no"
"inventario","https://metransfers.es/en/destinos/figueres/","200","1","https://metransfers.es/rutas/barcelona-figueres/","index, follow, max-image-preview:large, max-snippet:-1, max-video-preview:-1","https://metransfers.es/rutas/barcelona-figueres/","","no"
"inventario","https://metransfers.es/en/destinos/perpignan/","200","1","https://metransfers.es/rutas/barcelona-perpignan/","index, follow, max-image-preview:large, max-snippet:-1, max-video-preview:-1","https://metransfers.es/rutas/barcelona-perpignan/","","no"
"inventario","https://metransfers.es/en/destinos/tarragona/","200","1","https://metransfers.es/rutas/barcelona-tarragona/","index, follow, max-image-preview:large, max-snippet:-1, max-video-preview:-1","https://metransfers.es/rutas/barcelona-tarragona/","","no"
"inventario","https://metransfers.es/en/destinos/camping-el-delfin-verde/","200","1","https://metransfers.es/rutas/barcelona-camping-el-delfin-verde/","index, follow, max-image-preview:large, max-snippet:-1, max-video-preview:-1","https://metransfers.es/rutas/barcelona-camping-el-delfin-verde/","","no"
"inventario","https://metransfers.es/en/destinos/roses/","200","1","https://metransfers.es/rutas/barcelona-roses/","index, follow, max-image-preview:large, max-snippet:-1, max-video-preview:-1","https://metransfers.es/rutas/barcelona-roses/","","no"
"inventario","https://metransfers.es/en/destinos/marbella/","200","1","https://metransfers.es/rutas/barcelona-marbella/","index, follow, max-image-preview:large, max-snippet:-1, max-video-preview:-1","https://metransfers.es/rutas/barcelona-marbella/","","no"
"inventario","https://metransfers.es/en/destinos/cadaques/","200","1","https://metransfers.es/rutas/barcelona-cadaques/","index, follow, max-image-preview:large, max-snippet:-1, max-video-preview:-1","https://metransfers.es/rutas/barcelona-cadaques/","","no"
"inventario","https://metransfers.es/en/destinos/santa-susanna/","200","1","https://metransfers.es/rutas/barcelona-santa-susanna/","index, follow, max-image-preview:large, max-snippet:-1, max-video-preview:-1","https://metransfers.es/rutas/barcelona-santa-susanna/","","no"
"inventario","https://metransfers.es/en/destinos/costa-brava/","200","1","https://metransfers.es/rutas/barcelona-costa-brava/","index, follow, max-image-preview:large, max-snippet:-1, max-video-preview:-1","https://metransfers.es/rutas/barcelona-costa-brava/","","no"
"inventario","https://metransfers.es/en/destinos/begur/","200","1","https://metransfers.es/rutas/barcelona-begur/","index, follow, max-image-preview:large, max-snippet:-1, max-video-preview:-1","https://metransfers.es/rutas/barcelona-begur/","","no"
"inventario","https://metransfers.es/en/destinos/calella-de-palafrugell/","200","1","https://metransfers.es/rutas/barcelona-calella-de-palafrugell/","index, follow, max-image-preview:large, max-snippet:-1, max-video-preview:-1","https://metransfers.es/rutas/barcelona-calella-de-palafrugell/","","no"
"inventario","https://metransfers.es/en/destinos/cap-de-creus/","200","1","https://metransfers.es/rutas/barcelona-cap-de-creus/","index, follow, max-image-preview:large, max-snippet:-1, max-video-preview:-1","https://metransfers.es/rutas/barcelona-cap-de-creus/","","no"
"inventario","https://metransfers.es/en/destinos/la-escala/","200","1","https://metransfers.es/rutas/barcelona-la-escala/","index, follow, max-image-preview:large, max-snippet:-1, max-video-preview:-1","https://metransfers.es/rutas/barcelona-la-escala/","","no"
"inventario","https://metransfers.es/en/destinos/tossa-de-mar/","200","1","https://metransfers.es/rutas/barcelona-tossa-de-mar/","index, follow, max-image-preview:large, max-snippet:-1, max-video-preview:-1","https://metransfers.es/rutas/barcelona-tossa-de-mar/","","no"
"inventario","https://metransfers.es/en/destinos/baqueira-beret/","200","1","https://metransfers.es/rutas/barcelona-baqueira-beret/","index, follow, max-image-preview:large, max-snippet:-1, max-video-preview:-1","https://metransfers.es/rutas/barcelona-baqueira-beret/","","no"
"inventario","https://metransfers.es/en/destinos/palamos/","200","1","https://metransfers.es/rutas/barcelona-palamos/","index, follow, max-image-preview:large, max-snippet:-1, max-video-preview:-1","https://metransfers.es/rutas/barcelona-palamos/","","no"
"inventario","https://metransfers.es/en/destinos/madrid/","200","1","https://metransfers.es/rutas/barcelona-madrid/","index, follow, max-image-preview:large, max-snippet:-1, max-video-preview:-1","https://metransfers.es/rutas/barcelona-madrid/","","no"
"inventario","https://metransfers.es/en/destinos/lloret-de-mar/","200","1","https://metransfers.es/rutas/barcelona-lloret-de-mar/","index, follow, max-image-preview:large, max-snippet:-1, max-video-preview:-1","https://metransfers.es/rutas/barcelona-lloret-de-mar/","","no"
"inventario","https://metransfers.es/en/destinos/salou/","200","1","https://metransfers.es/rutas/barcelona-salou/","index, follow, max-image-preview:large, max-snippet:-1, max-video-preview:-1","https://metransfers.es/rutas/barcelona-salou/","","no"
"inventario","https://metransfers.es/en/gracias/","200","0","https://metransfers.es/en/gracias/","noindex, follow","","","no"
"inventario","https://metransfers.es/en/reservas-hotel/","200","0","https://metransfers.es/en/reservas-hotel/","noindex, follow","","","no"
"inventario","https://metransfers.es/en/pago/","200","0","https://metransfers.es/en/pago/","noindex, follow","","","no"
"inventario","https://metransfers.es/en/seleccionar-vehiculo/","200","0","https://metransfers.es/en/seleccionar-vehiculo/","noindex, follow","","","no"
"inventario","https://metransfers.es/en/reservas-metransfers/","200","0","https://metransfers.es/en/reservas-metransfers/","noindex, follow","","","no"
"inventario","https://metransfers.es/en/traslados-aeropuerto/","200","1","https://metransfers.es/en/transfer-aeropuerto-barcelona/","noindex, follow","","","no"
"internal-link","https://metransfers.es/blog/page/2/","200","0","https://metransfers.es/blog/page/2/","<meta name='robots' content='index, follow, max-image-preview:large, max-snippet:-1, max-video-preview:-1' />","<link rel=""canonical"" href=""https://metransfers.es/blog/page/2/"" />","","no_comprobado"
"internal-link","https://metransfers.es/blog/page/3/","200","0","https://metransfers.es/blog/page/3/","<meta name='robots' content='index, follow, max-image-preview:large, max-snippet:-1, max-video-preview:-1' />","<link rel=""canonical"" href=""https://metransfers.es/blog/page/3/"" />","","no_comprobado"
"internal-link","https://metransfers.es/blog/page/15/","200","0","https://metransfers.es/blog/page/15/","<meta name='robots' content='index, follow, max-image-preview:large, max-snippet:-1, max-video-preview:-1' />","<link rel=""canonical"" href=""https://metransfers.es/blog/page/15/"" />","","no_comprobado"
"internal-link","https://metransfers.es/blog","200","1","https://metransfers.es/blog/","<meta name='robots' content='index, follow, max-image-preview:large, max-snippet:-1, max-video-preview:-1' />","<link rel=""canonical"" href=""https://metransfers.es/blog/"" />","","no_comprobado"
"internal-link","https://metransfers.es/excursion-privada-desde-barcelona-a-montserrat/","200","1","https://metransfers.es/las-mejores-aplicaciones-de-transfer-en-barcelona-compara-y-encuentra/","<meta name='robots' content='index, follow, max-image-preview:large, max-snippet:-1, max-video-preview:-1' />","<link rel=""canonical"" href=""https://metransfers.es/las-mejores-aplicaciones-de-transfer-en-barcelona-compara-y-encuentra/"" />","","no_comprobado"
"internal-link","https://metransfers.es/politica-de-privacidad","200","1","https://metransfers.es/politica-de-privacidad/","<meta name='robots' content='index, follow, max-image-preview:large, max-snippet:-1, max-video-preview:-1' />","<link rel=""canonical"" href=""https://metransfers.es/politica-de-privacidad/"" />","","no_comprobado"
"internal-link","https://metransfers.es/en/category/taxi-en-barcelona/","404","0","https://metransfers.es/en/category/taxi-en-barcelona/","<meta name='robots' content='noindex, follow' />","","","no_comprobado"
"internal-link","https://metransfers.es/en/category/tours-desde-barcelona/","404","0","https://metransfers.es/en/category/tours-desde-barcelona/","<meta name='robots' content='noindex, follow' />","","","no_comprobado"
"internal-link","https://metransfers.es/en/category/traslados-desde-barcelona/","404","0","https://metransfers.es/en/category/traslados-desde-barcelona/","<meta name='robots' content='noindex, follow' />","","","no_comprobado"
"internal-link","https://metransfers.es/category/traslados-desde-barcelona/page/2/","200","0","https://metransfers.es/category/traslados-desde-barcelona/page/2/","<meta name='robots' content='index, follow, max-image-preview:large, max-snippet:-1, max-video-preview:-1' />","<link rel=""canonical"" href=""https://metransfers.es/category/traslados-desde-barcelona/page/2/"" />","","no_comprobado"
"internal-link","https://metransfers.es/category/traslados-desde-barcelona/page/3/","200","0","https://metransfers.es/category/traslados-desde-barcelona/page/3/","<meta name='robots' content='index, follow, max-image-preview:large, max-snippet:-1, max-video-preview:-1' />","<link rel=""canonical"" href=""https://metransfers.es/category/traslados-desde-barcelona/page/3/"" />","","no_comprobado"
"internal-link","https://metransfers.es/category/traslados-desde-barcelona/page/14/","200","0","https://metransfers.es/category/traslados-desde-barcelona/page/14/","<meta name='robots' content='index, follow, max-image-preview:large, max-snippet:-1, max-video-preview:-1' />","<link rel=""canonical"" href=""https://metransfers.es/category/traslados-desde-barcelona/page/14/"" />","","no_comprobado"
"internal-link","https://metransfers.es/en/blog/page/2/","404","0","https://metransfers.es/en/blog/page/2/","<meta name='robots' content='noindex, follow' />","","","no_comprobado"
"internal-link","https://metransfers.es/en/blog/page/3/","404","0","https://metransfers.es/en/blog/page/3/","<meta name='robots' content='noindex, follow' />","","","no_comprobado"
"internal-link","https://metransfers.es/en/blog/page/15/","404","0","https://metransfers.es/en/blog/page/15/","<meta name='robots' content='noindex, follow' />","","","no_comprobado"
"english-cache-canary","https://metransfers.es/en/transfer-aeropuerto-barcelona/?seo_audit=20261002","200","0","https://metransfers.es/en/transfer-aeropuerto-barcelona/?seo_audit=20261002","<meta name='robots' content='noindex, follow' />","","","no_comprobado"
"googlebot-user-agent","https://metransfers.es/","200","0","https://metransfers.es/","<meta name='robots' content='index, follow, max-image-preview:large, max-snippet:-1, max-video-preview:-1' />","<link rel=""canonical"" href=""https://metransfers.es/"" />","","no_comprobado"
"googlebot-user-agent","https://metransfers.es/en/transfer-aeropuerto-barcelona/","200","0","https://metransfers.es/en/transfer-aeropuerto-barcelona/","<meta name='robots' content='noindex, follow' />","","","no_comprobado"
